Date,MONTHLY_TEMPERATURE_CALGARY,MONTHLY_TEMPERATURE_VANCOUVER,MONTHLY_TEMPERATURE_WINNIPEG,MONTHLY_TEMPERATURE_TORONTO,MONTHLY_PRECIPITATION_CALGARY,MONTHLY_PRECIPITATION_VANCOUVER,MONTHLY_PRECIPITATION_WINNIPEG,MONTHLY_PRECIPITATION_TORONTO
1/1/1940,-11.91290323,4.464516129,-16.52903226,-9.383870968,0.2,3.322580645,0.451612903,1.561290323
2/1/1940,-10.82068966,5.510344828,-12.55862069,-6.137931034,0.779310345,4.865517241,0.610344828,1.179310345
3/1/1940,-2.816129032,7.819354839,-8.34516129,-5.183870968,0.677419355,3.987096774,0.529032258,1.558064516
4/1/1940,1.37,10.71,2.306666667,4.113333333,2.996666667,2.223333333,1.4,1.696666667
5/1/1940,11.72903226,13.48387097,11.29354839,11.64193548,0.887096774,1.987096774,0.964516129,3.980645161
6/1/1940,13.5,15.77333333,15.07,16.58275862,1.513333333,0.18,4.01,2.87
7/1/1940,16.27419355,17.40967742,20.2483871,20.46451613,3.303225806,1.203225806,0.951612903,2.287096774
8/1/1940,16.47419355,17.51935484,19.72903226,19.37741935,0.164516129,0.958064516,1.029032258,2.712903226
9/1/1940,13.22333333,15.87,16.64333333,15.07666667,2.48,1.713333333,0.863333333,3.42
10/1/1940,7.193548387,11.89677419,9.351612903,7.361290323,1.316129032,5.564516129,2.235483871,1.467741935
11/1/1940,-7.15,4.616666667,-6.43,2.21,0.426666667,2.67,0.673333333,3.81
12/1/1940,-3.35483871,5.158064516,-10.66129032,-3.561290323,0.277419355,6.516129032,0.593548387,2.667741935
1/1/1941,-7.906451613,5.396774194,-15.36129032,-6.829032258,0.380645161,4.280645161,0.95483871,2.309677419
2/1/1941,-5.907142857,5.778571429,-15.45714286,-6.171428571,0.378571429,4.514285714,0.289285714,1.110714286
3/1/1941,-2.232258065,8.477419355,-8.135483871,-3.777419355,0.648387097,2.341935484,0.551612903,1.187096774
4/1/1941,6.823333333,10.62,5.646666667,9.246666667,0.246666667,1.883333333,0.76,1.496666667
5/1/1941,9.438709677,12.36129032,13.67096774,13.96129032,2.761290323,3.296774194,2.964516129,1.735483871
6/1/1941,14.98,15.48333333,18.04333333,19.30666667,2.69,1.433333333,2.203333333,2.526666667
7/1/1941,18.76129032,18.73548387,20.28064516,21.51612903,0.922580645,0.267741935,2.077419355,2.2
8/1/1941,15.61935484,17.12903226,17.75483871,19.49032258,2.574193548,1.522580645,3.087096774,1.267741935
9/1/1941,7.956666667,13.5,12.12666667,16.85666667,1.87,3.946666667,4.99,0.84
10/1/1941,6.074193548,10.66129032,5.593548387,9.948387097,0.116129032,4.258064516,1.541935484,2.874193548
11/1/1941,1.013333333,7.196666667,-4.663333333,4.66,0.016666667,4.083333333,0.503333333,1.76
12/1/1941,-6.416129032,4.303225806,-10.42580645,-1.461290323,0.235483871,4.7,0.551612903,1.325806452
1/1/1942,-2.235483871,2.851612903,-11.38709677,-5.5,0.541935484,2.080645161,0.516129032,1.203225806
2/1/1942,-9.532142857,4.610714286,-14.8,-7.496296296,1.414285714,1.760714286,0.564285714,1.471428571
3/1/1942,-0.719354839,6.109677419,-2.477419355,1.44516129,0.329032258,2.212903226,1.593548387,3.780645161
4/1/1942,4.76,9.923333333,4.996666667,8.89,0.23,1.813333333,2.116666667,1.453333333
5/1/1942,8.396774194,12.60645161,9.464516129,12.91612903,2.209677419,1.287096774,1.187096774,6.729032258
6/1/1942,12.20333333,14.83666667,16.32,17.86,3.146666667,2.78,1.706666667,1.1
7/1/1942,16.20322581,18.67,18.30322581,20.22258065,4.022580645,1.503225806,5.293548387,3.548387097
8/1/1942,15.17419355,18.46451613,18.01935484,19.66451613,1.751612903,0.261290323,2.464516129,0.925806452
9/1/1942,11.18333333,14.17333333,11.36333333,15.15666667,1.546666667,0.136666667,0.946666667,3.326666667
10/1/1942,6.512903226,11.27419355,7.574193548,9.448387097,0.54516129,3.05483871,0.290322581,1.816129032
11/1/1942,-6.113333333,5.313333333,-6.163333333,2.816666667,1.206666667,4.046666667,0.596666667,2.596666667
12/1/1942,-9.009677419,4.864516129,-17.03225806,-5.648387097,0.24516129,5.680645161,1.109677419,3.551612903
1/1/1943,-15.50322581,-0.558064516,-22.52580645,-9.132258065,0.761290323,2.187096774,1.180645161,2.287096774
2/1/1943,-3.25,4.625,-14.72142857,-5.246428571,0.692857143,3.221428571,0.667857143,1.742857143
3/1/1943,-7.490322581,5.193548387,-12.30645161,-3.093548387,0.996774194,2.267741935,1.222580645,2.75483871
4/1/1943,6.75,9.833333333,4.3,2.866666667,0.24,2.443333333,0.236666667,1.886666667
5/1/1943,7.903225806,11.57419355,9.183870968,12.13548387,1.922580645,2.174193548,2.622580645,3.370967742
6/1/1943,11.05,14.91333333,14.8,20.15,2.34,0.52,3.23,1.51
7/1/1943,17.35483871,17.3516129,21.50322581,20.94516129,0.980645161,0.722580645,2.832258065,2.793548387
8/1/1943,15.6483871,16.96774194,18.57419355,19.88709677,1.638709677,1.735483871,2.380645161,1.587096774
9/1/1943,11.98333333,14.70333333,11.97666667,14.51333333,0.533333333,1.156666667,1.33,1.173333333
10/1/1943,7.235483871,10.77096774,8.306451613,8.277419355,0.851612903,4.14516129,0.380645161,2.370967742
11/1/1943,2.23,7.01,-3.516666667,1.883333333,0,1.996666667,0.186666667,1.356666667
12/1/1943,-0.703225806,3.003225806,-10.38064516,-4.751612903,0.058064516,3.570967742,0.238709677,0.5
1/1/1944,-3.912903226,4.109677419,-10.58387097,-2.690322581,0.180645161,4.516129032,0.461290323,0.651612903
2/1/1944,-7.303448276,4.362068966,-16.46896552,-6.017241379,0.810344828,3.051724138,0.6,2.189655172
3/1/1944,-5.15483871,5.84516129,-10.58709677,-3.541935484,0.858064516,1.364516129,1.635483871,2.629032258
4/1/1944,6.39,9.9,4.886666667,4.27,0.67,2.043333333,0.27,2.756666667
5/1/1944,11.39354839,12.14193548,13.42258065,15.21935484,2.212903226,1.051612903,1.564516129,4.448387097
6/1/1944,12.97,15.41333333,15.7,18.63333333,2.753333333,0.603333333,5.703333333,3.41
7/1/1944,15.57096774,17.80645161,19.12903226,20.97096774,3.964516129,0.274193548,1.296774194,2.909677419
8/1/1944,14.54193548,17.08064516,17.68064516,21.34516129,1.24516129,0.583870968,4.45483871,1.774193548
9/1/1944,11.86333333,15.50666667,12.95333333,15.77666667,0.916666667,3.036666667,1.293333333,2.133333333
10/1/1944,9.738709677,11.14516129,7.112903226,8.983870968,0.14516129,3.803225806,0.867741935,0.561290323
11/1/1944,-2.013333333,7.47,-2.346666667,3.35,0.24,5.163333333,1.55,1.423333333
12/1/1944,-5.003225806,2.867741935,-12.25483871,-5.664516129,0.167741935,2.006451613,0.570967742,2.283870968
1/1/1945,-7.277419355,4.774193548,-15.66129032,-11.92580645,0.596774194,4.948387097,0.522580645,1.3
2/1/1945,-7.589285714,5.153571429,-13.59285714,-5.996428571,1.103571429,4.332142857,0.582142857,1.707142857
3/1/1945,-0.612903226,5.841935484,-1.432258065,5.058064516,1.219354839,3.980645161,2.280645161,3.677419355
4/1/1945,-0.723333333,7.983333333,0.15,7.646666667,1.313333333,2.223333333,1.4,2.77
5/1/1945,8.180645161,13.35483871,7.129032258,9.451612903,2.677419355,0.825806452,1.287096774,4.687096774
6/1/1945,11.69666667,14.86666667,15.14,16.67333333,2.133333333,0.426666667,1.683333333,2.716666667
7/1/1945,16.88387097,17.5483871,18.8483871,19.64516129,1.809677419,0.661290323,2.187096774,3.809677419
8/1/1945,16.06451613,16.99354839,18.76129032,19.9,3.225806452,0.95483871,1.783870968,1.587096774
9/1/1945,9.28,13.02,11.25333333,15.91666667,2.553333333,2.33,4.37,4.293333333
10/1/1945,6.44516129,10.20645161,5.029032258,8.370967742,0.806451613,4.312903226,0.658064516,1.84516129
11/1/1945,-8.763333333,5.16,-6.816666667,3.34,1.43,6.29,1.313333333,1.823333333
12/1/1945,-9.751612903,3.64516129,-16.29354839,-6.119354839,0.858064516,4.1,0.925806452,1.351612903
1/1/1946,-5.574193548,4.4,-17.09032258,-5.322580645,0.219354839,5.774193548,0.509677419,3.151612903
2/1/1946,-5.535714286,4.942857143,-17.38928571,-6.910714286,0.210714286,5.635714286,0.542857143,2.075
3/1/1946,1.35483871,6.329032258,-1.222580645,5.161290323,0.622580645,4.896774194,0.864516129,0.922580645
4/1/1946,6.976666667,8.673333333,6.743333333,6.036666667,0.05,4.24,0.543333333,0.566666667
5/1/1946,8.764516129,13.64193548,10.23225806,11.55666667,1.738709677,0.270967742,0.480645161,3.080645161
6/1/1946,12.33666667,14.8,16.04333333,17.11,3.183333333,3.21,2.22,1.456666667
7/1/1946,17.0483871,17.20322581,20.29032258,20.50666667,2.129032258,1.370967742,1.238709677,2.561290323
8/1/1946,14.76451613,16.66774194,17.88387097,18.18387097,2.790322581,0.467741935,1.751612903,1.225806452
9/1/1946,11.25333333,14.47,12.32666667,16.28,1.48,0.973333333,2.73,2.456666667
10/1/1946,3.241935484,8.541935484,4.14516129,11.68387097,0.919354839,3.425806452,1.638709677,2.612903226
11/1/1946,-6.923333333,3.86,-6.796666667,4.656666667,1.283333333,3.666666667,0.886666667,1.483333333
12/1/1946,-8.087096774,3.14516129,-14.70645161,-2.596774194,0.803225806,4.270967742,0.296774194,1.622580645
1/1/1947,-7.080645161,0.467741935,-13.96129032,-4.55483871,0.519354839,4.94516129,1.2,3.167741935
2/1/1947,-10.04285714,4.746428571,-18.00357143,-7.235714286,1.407142857,4.975,1.128571429,0.978571429
3/1/1947,-5.622580645,7.009677419,-8.774193548,-2.112903226,1.006451613,3.848387097,0.596774194,1.506451613
4/1/1947,5.53,10.14666667,1.863333333,5.13,0.673333333,2.996666667,1.14,2.503333333
5/1/1947,9.680645161,13.72580645,7.9,10.67419355,1.187096774,1.187096774,0.7,2.738709677
6/1/1947,12.18666667,15.8,15.72666667,17.33666667,4.133333333,1.476666667,3.11,3.906666667
7/1/1947,17.94516129,17.40322581,21.1,20.28387097,0.987096774,1.238709677,2.409677419,3.329032258
8/1/1947,13.94516129,16.87741935,20.07419355,22.56129032,2.516129032,0.241935484,3.709677419,1.967741935
9/1/1947,10.16,14.19,11.73,16.42,1.556666667,1.576666667,0.726666667,1.256666667
10/1/1947,6.606451613,10.60322581,10,13.49032258,0.696774194,5.55483871,1.3,1.109677419
11/1/1947,-4.383333333,4.873333333,-6.786666667,2.106666667,1.633333333,3.083333333,0.776666667,0.993333333
12/1/1947,-5.1,4.422580645,-15.24193548,-4.577419355,0.341935484,7.380645161,1.516129032,1.435483871
1/1/1948,-3.761290323,3.4,-18.21290323,-9.732258065,0.583870968,2.651612903,0.490322581,1.296774194
2/1/1948,-13.69310345,2.468965517,-17.41724138,-7.85862069,1.437931034,6.35862069,0.606896552,2.313793103
3/1/1948,-7.867741935,5.551612903,-10.89677419,-2.04516129,1.029032258,1.364516129,0.635483871,1.867741935
4/1/1948,-2.243333333,7.77,1.823333333,7.643333333,2.046666667,1.816666667,1.806666667,1.753333333
5/1/1948,9.987096774,11.61612903,12.24193548,11.17741935,3.867741935,3.896774194,1.393548387,2.019354839
6/1/1948,14.94666667,16.40666667,16.48333333,17.96666667,2.333333333,1.046666667,1.436666667,2.683333333
7/1/1948,16.19354839,16.97419355,20.04516129,20.98387097,1.048387097,1.590322581,3.332258065,1.658064516
8/1/1948,15.41935484,16.38709677,19.85806452,20.90967742,1.419354839,2.432258065,0.767741935,1.567741935
9/1/1948,12.01666667,13.33,16.77333333,17.89333333,0.34,1.646666667,0.046666667,5.15
10/1/1948,6.903225806,9.277419355,8.25483871,8.358064516,0.025806452,2.383870968,0.322580645,1.887096774
11/1/1948,-0.353333333,5.26,-3.37,6.273333333,0.376666667,8.163333333,1.083333333,2.703333333
12/1/1948,-12.14516129,1.164516129,-14.46451613,-1.722580645,0.409677419,5.1,1.338709677,1.54516129
1/1/1949,-13.14193548,-1.409677419,-18.80322581,-2.864516129,1.338709677,0.590322581,1.674193548,2.241935484
2/1/1949,-16.17857143,1.042857143,-21.23571429,-3.589285714,0.353571429,5.310714286,0.971428571,2.710714286
3/1/1949,-3.151612903,6.087096774,-9.006451613,-1.664516129,0.477419355,2.674193548,0.564516129,2.035483871
4/1/1949,7.57,9.076666667,5.973333333,6.663333333,0.053333333,1.763333333,0.07,1.046666667
5/1/1949,11.59677419,12.93225806,11.67096774,13.86774194,0.470967742,0.993548387,1.403225806,0.303225806
6/1/1949,13.54,14.66333333,17.48,21.73333333,1.626666667,1.613333333,2.296666667,0.136666667
7/1/1949,15.82258065,16.54516129,19.90645161,22.60967742,0.929032258,1.009677419,1.880645161,1.987096774
8/1/1949,16.60967742,16.50322581,21.31290323,21.9483871,0.532258065,0.658064516,1.861290323,4.319354839
9/1/1949,12.30666667,14.89666667,12.16333333,14.25666667,0.516666667,0.833333333,1.3,3.006666667
10/1/1949,3.24516129,8.267741935,5.167741935,11.82903226,1.096774194,3.135483871,4.648387097,2.193548387
11/1/1949,4.883333333,8.76,-0.93,1.42,0,5.553333333,1.096666667,1.603333333
12/1/1949,-14.42903226,2.290322581,-15.69677419,-1.496774194,1.258064516,5.435483871,1.325806452,2.735483871
1/1/1950,-25.31290323,-6.332258065,-26.64516129,-1.761290323,0.45483871,4.458064516,1.506451613,3.112903226
2/1/1950,-6.589285714,3.532142857,-17.25714286,-6.625,0.525,7.325,0.628571429,2.578571429
3/1/1950,-7.196774194,5.264516129,-10.99354839,-4.238709677,1.261290323,5.570967742,0.303225806,2.035483871
4/1/1950,1.956666667,8.09,-1.546666667,3.323333333,0.793333333,2.47,1.446666667,2.056666667
5/1/1950,8.196774194,10.69032258,9.177419355,12.27096774,0.683870968,0.916129032,3.783870968,0.648387097
6/1/1950,13.33666667,15.75333333,15.09,17.72,1.583333333,1.526666667,2.766666667,2.14
7/1/1950,15.59032258,17.29032258,18.23548387,19.86451613,4.316129032,1.161290323,1.670967742,3.751612903
8/1/1950,13.87096774,17.52580645,16.4516129,19.15806452,2.493548387,1.958064516,1.412903226,2.741935484
9/1/1950,11.12333333,14.2,13.82333333,14.21,0.45,1.083333333,2.73,0.736666667
10/1/1950,3.493548387,9.658064516,7.051612903,11.12258065,1.122580645,5.938709677,0.751612903,2.512903226
11/1/1950,-6.843333333,5.763333333,-7.68,2.19,0.656666667,3.343333333,0.806666667,3.016666667
12/1/1950,-6.232258065,6.112903226,-17.05806452,-3.5,0.132258065,6.190322581,0.9,0.903225806
1/1/1951,-12.68064516,2.458064516,-19.46451613,-4.303225806,0.738709677,6.680645161,0.380645161,1.951612903
2/1/1951,-10.56785714,3.446428571,-14.08571429,-4.364285714,1.203571429,6.278571429,0.532142857,1.578571429
3/1/1951,-10.07419355,3.290322581,-10.37096774,0.270967742,0.690322581,3.570967742,0.516129032,3.15483871
4/1/1951,3.06,8.933333333,2.47,6.316666667,1.993333333,1.48,0.853333333,3.626666667
5/1/1951,9.980645161,12.44193548,13.37741935,13.67096774,1.693548387,2.277419355,0.793548387,1.187096774
6/1/1951,10.05333333,16.27,14.82333333,17.67666667,4.446666667,0.156666667,2.103333333,2.953333333
7/1/1951,16.07096774,18.03548387,18.77741935,20.97419355,4.170967742,0,1.325806452,2.916129032
8/1/1951,12.93225806,16.63870968,16.73548387,19.44516129,5.341935484,0.709677419,3.567741935,1.690322581
9/1/1951,8.863333333,14.29666667,11.07666667,15.46333333,1.646666667,2.25,1.6,1.393333333
10/1/1951,0.306451613,9.722580645,4.261290323,9.896774194,1.983870968,3.270967742,0.748387097,1.951612903
11/1/1951,-2.113333333,5.59,-7.16,0.173333333,0.236666667,3.803333333,0.55,2.356666667
12/1/1951,-11.7,1.396774194,-15.49677419,-3.448387097,1.258064516,5.064516129,0.296774194,3.216129032
1/1/1952,-15.09354839,1.706451613,-19.07741935,-4.703225806,0.403225806,4.290322581,0.651612903,2.177419355
2/1/1952,-6.734482759,4.251724138,-10.16551724,-3.717241379,1.075862069,3.4,0.255172414,1.410344828
3/1/1952,-7.232258065,5.564516129,-7.396774194,-1.083870968,1.14516129,2.490322581,0.493548387,2.151612903
4/1/1952,6.953333333,8.953333333,8.98,8.446666667,0.713333333,1.713333333,0.256666667,1.95
5/1/1952,10.27419355,11.98709677,11.84516129,11.48064516,1.477419355,0.987096774,0.306451613,2.338709677
6/1/1952,12.45333333,13.81333333,17.44,19.09,4.903333333,2.063333333,5.68,0.966666667
7/1/1952,15.27096774,17.66774194,19.28387097,22.82903226,2.512903226,0.387096774,1.419354839,2.225806452
8/1/1952,14.52580645,17.2516129,18.29354839,19.80967742,1.174193548,0.664516129,1.180645161,1.967741935
9/1/1952,11.81,14.79,14.3,17.08,0.69,0.683333333,0.443333333,2.003333333
10/1/1952,7.464516129,11.03870968,4.370967742,6.880645161,0.277419355,1.135483871,0.506451613,0.558064516
11/1/1952,-0.076666667,5.096666667,-2.226666667,4.58,0.23,1.11,0.45,3.03
12/1/1952,-3.209677419,5.241935484,-8.574193548,-0.219354839,0.025806452,4.803225806,0.306451613,1.296774194
1/1/1953,-11.27419355,5.870967742,-16.03225806,-2.890322581,0.787096774,7.729032258,1.477419355,1.393548387
2/1/1953,-3.875,4.885714286,-14.33214286,-2.367857143,1.382142857,2.592857143,0.957142857,1.292857143
3/1/1953,-2.274193548,6.332258065,-6.174193548,1.203225806,0.651612903,2.525806452,0.996774194,2.164516129
4/1/1953,-0.483333333,9.183333333,2.126666667,5.746666667,2.57,1.746666667,1.343333333,2.07
5/1/1953,8.283870968,13.05483871,10.8,13.0483871,1.429032258,1.203225806,3.864516129,4.387096774
6/1/1953,12.03,14.26,16.40666667,18.46333333,4.98,2.11,3.67,2.32
7/1/1953,15.81935484,17.78387097,19.0516129,21.1516129,2.122580645,1.187096774,6.364516129,2.319354839
8/1/1953,15.70645161,17.43225806,20.20322581,20.62580645,1.774193548,1.725806452,0.858064516,3.322580645
9/1/1953,10.98,14.62666667,11.89333333,16.01333333,0.92,2.846666667,2.423333333,2.433333333
10/1/1953,8.551612903,10.71612903,9.867741935,10.46774194,0.016129032,2.787096774,1.029032258,0.629032258
11/1/1953,1.246666667,8.006666667,0.066666667,5.38,0.246666667,6.323333333,0.196666667,1.4
12/1/1953,-2.735483871,5.309677419,-10.80967742,-0.570967742,0.967741935,6.529032258,0.35483871,1.532258065
1/1/1954,-19.44516129,0.464516129,-23.12903226,-7.996774194,1.425806452,5.848387097,1.322580645,1.690322581
2/1/1954,-1.121428571,5.128571429,-7.039285714,-1.857142857,0.9,3.832142857,0.65,2.139285714
3/1/1954,-6.787096774,4.529032258,-8.44516129,-1.2,1.193548387,1.477419355,0.348387097,2.480645161
4/1/1954,-3.826666667,7.716666667,0.576666667,7.003333333,1.346666667,1.796666667,2.333333333,3.05
5/1/1954,8.219354839,12.55806452,7.990322581,11.2483871,1.877419355,1,1.783870968,0.632258065
6/1/1954,11.56666667,13.63666667,16.10666667,19.24333333,2.823333333,1.82,4.773333333,3.873333333
7/1/1954,15.96451613,15.61612903,19.9483871,20.13225806,0.648387097,0.84516129,1.419354839,0.593548387
8/1/1954,13.7483871,16.13225806,17.49032258,19.22580645,7.690322581,2.374193548,2.722580645,2.938709677
9/1/1954,9.6,14.29666667,11.89333333,15.49,0.943333333,1.573333333,3.88,2.69
10/1/1954,5.280645161,9.316129032,5.777419355,10.97096774,0.148387097,1.616129032,1.316129032,6.9
11/1/1954,3.843333333,8.763333333,-0.606666667,4,0.11,9.4,1.1,1.25
12/1/1954,-2.019354839,4.780645161,-8.396774194,-3.380645161,0.048387097,4.358064516,0.129032258,1.848387097
1/1/1955,-6.335483871,3.590322581,-16.96774194,-5.825806452,0.187096774,2.774193548,1.25483871,1.2
2/1/1955,-9.042857143,2.989285714,-17.33928571,-5.264285714,1.053571429,2.75,1.346428571,1.389285714
3/1/1955,-8.696774194,3.567741935,-13.90322581,-1.096774194,0.916129032,2.851612903,0.903225806,2.287096774
4/1/1955,2.19,7.546666667,8.566666667,9.496666667,2.12,2.07,0.84,2.11
5/1/1955,7.1,10.56129032,12.8516129,14.65806452,2.212903226,1.635483871,1.593548387,1.929032258
6/1/1955,14.05666667,14.06666667,17.53333333,19.02333333,0.503333333,2.52,3.956666667,0.82
7/1/1955,16.30322581,15.74516129,21.74193548,24.2483871,2.290322581,1.541935484,1.583870968,1.125806452
8/1/1955,15.4516129,16.18709677,21.32258065,22.96129032,0.277419355,0.090322581,0.422580645,3.367741935
9/1/1955,9.153333333,13.72333333,12.71333333,15.81333333,2.03,1.016666667,1.073333333,1.026666667
10/1/1955,5.438709677,9.693548387,7.016129032,11.01290323,0.151612903,4.096774194,1.474193548,2.487096774
11/1/1955,-13.21,3.003333333,-9.186666667,2.43,0.306666667,8.003333333,3.013333333,1.736666667
12/1/1955,-13.66451613,2.206451613,-18.02258065,-5.467741935,1.232258065,4.738709677,1.683870968,1.729032258
1/1/1956,-14.63870968,3.048387097,-16.7483871,-5.706451613,1.112903226,4.341935484,1.425806452,1.387096774
2/1/1956,-11.8,1.620689655,-16.55862069,-4.475862069,0.389655172,3.803448276,0.937931034,1.606896552
3/1/1956,-4.441935484,4.896774194,-10.54516129,-2.467741935,0.8,3.764516129,1.280645161,2.477419355
4/1/1956,1.626666667,9.68,-0.873333333,4.336666667,0.973333333,0.46,0.216666667,2.31
5/1/1956,10.39032258,13.6516129,9.14516129,10.12258065,0.977419355,0.341935484,1.625806452,3.680645161
6/1/1956,13.58333333,14.05333333,20.21,18.14333333,4.35,3.806666667,1.89,1.3
7/1/1956,16.57741935,18.27419355,18.39677419,19.4,1.248387097,0.532258065,2.732258065,3.480645161
8/1/1956,15.30967742,17.72580645,18.54516129,19.56774194,2.558064516,1.329032258,4.419354839,4.022580645
9/1/1956,10.45333333,13.87666667,10.56,13.08333333,0.703333333,3.883333333,0.66,1.336666667
10/1/1956,3.070967742,9.422580645,8.135483871,10.47096774,0.683870968,6.638709677,1.648387097,0.738709677
11/1/1956,1.56,5,-2.666666667,3.88,0.403333333,2.346666667,1.64,0.92
12/1/1956,-6.803225806,4.122580645,-13.66451613,-1.180645161,0.690322581,6.306451613,1.238709677,2.151612903
1/1/1957,-14.61290323,-1.087096774,-20.50967742,-8.532258065,0.806451613,2.532258065,0.577419355,1.809677419
2/1/1957,-9.835714286,2.203571429,-15.02857143,-3.982142857,0.489285714,3.014285714,0.860714286,2.071428571
3/1/1957,-1.851612903,6.541935484,-6.283870968,0.770967742,0.54516129,4.2,0.835483871,0.903225806
4/1/1957,3.406666667,9.893333333,4.053333333,7.69,0.876666667,1.496666667,1.323333333,2.9
5/1/1957,10.69354839,14.6483871,12.6,11.79354839,0.680645161,1.164516129,1.416129032,2.329032258
6/1/1957,12.85333333,15.94333333,14.66333333,19.24333333,2.133333333,1.876666667,4.243333333,3.066666667
7/1/1957,16.72258065,16.41935484,22.22903226,21.12580645,1.341935484,1.729032258,1.374193548,0.370967742
8/1/1957,13.07741935,16.92580645,18.69354839,19.19677419,2.541935484,0.94516129,2.864516129,1.970967742
9/1/1957,12.46333333,16.05,11.83333333,15.89333333,0.893333333,1.086666667,2.033333333,3.226666667
10/1/1957,0.977419355,9.961290323,7.280645161,8.890322581,1.622580645,2.612903226,0.967741935,1.441935484
11/1/1957,-1.096666667,6.006666667,-3.926666667,4.086666667,0.81,2.546666667,0.59,1.533333333
12/1/1957,-2.377419355,5.664516129,-10.27419355,-0.129032258,0.170967742,5.851612903,0.212903226,2.216129032
1/1/1958,-2.212903226,5.964516129,-11.91290323,-5.109677419,0.25483871,8.409677419,0.364516129,0.816129032
2/1/1958,-10.69285714,7.571428571,-14.53571429,-7.632142857,0.703571429,4.496428571,0.575,1.317857143
3/1/1958,-7.816129032,6.870967742,-2.312903226,1.412903226,0.819354839,1.577419355,0.290322581,0.803225806
4/1/1958,3.656666667,9.653333333,5.796666667,8.093333333,1.426666667,2.49,1.016666667,1.2
5/1/1958,13.07419355,15.18387097,12.3,11.98387097,0.496774194,1.303225806,0.34516129,0.774193548
6/1/1958,13.48666667,18.02333333,14.96666667,16.08,3.243333333,1.3,2.286666667,0.89
7/1/1958,15.88387097,20.6,18.50645161,21.15806452,1.961290323,0.032258065,4.632258065,1.887096774
8/1/1958,17.15483871,18.7,18.07096774,20.22580645,0.558064516,1.093548387,0.790322581,2.225806452
9/1/1958,10.69,14.62333333,13.1,16.57333333,1.906666667,1.59,0.68,2.623333333
10/1/1958,7.512903226,10.27096774,7.335483871,9.683870968,0.067741935,3.619354839,1.267741935,1.009677419
11/1/1958,-3.22,5.393333333,-4.536666667,4.106666667,0.576666667,5.736666667,2.72,2.373333333
12/1/1958,-4.393548387,5.219354839,-17.34193548,-6.990322581,0.206451613,5.567741935,0.896774194,0.825806452
1/1/1959,-12.99032258,3.851612903,-20.84193548,-7.135483871,0.364516129,5.177419355,0.187096774,2.122580645
2/1/1959,-10.35714286,4.053571429,-17.88928571,-7.65,0.628571429,4.553571429,0.892857143,2.657142857
3/1/1959,0.883870968,6.429032258,-6.2,-1.94516129,0.264516129,5.222580645,0.822580645,1.932258065
4/1/1959,3.726666667,9.1,3.48,7.08,0.866666667,1.413333333,0.57,2.033333333
5/1/1959,7.183870968,12.17741935,9.935483871,14.18709677,1.490322581,2.109677419,3.793548387,1.34516129
6/1/1959,13.41666667,15.76,17.67,19.91333333,3.893333333,2.886666667,1.97,0.746666667
7/1/1959,17.40967742,18.13548387,20.37096774,22.29032258,1.887096774,0.680645161,2.929032258,0.896774194
8/1/1959,13.2483871,16.4483871,20.11612903,23.79032258,2.125806452,1.441935484,3.229032258,1.248387097
9/1/1959,8.766666667,13.65666667,12.55666667,18.72666667,0.606666667,4.786666667,3.253333333,2.31
10/1/1959,4.080645161,10.32580645,2.319354839,9.680645161,0.312903226,2.812903226,2.825806452,2.564516129
11/1/1959,-4.316666667,5.293333333,-8.753333333,2.14,1.246666667,5.236666667,0.603333333,1.876666667
12/1/1959,-1.490322581,4.3,-7.174193548,-1.432258065,0.451612903,4.593548387,0.316129032,2.596774194
1/1/1960,-9.361290323,2.683870968,-16.68709677,-5.119354839,0.638709677,5.3,0.570967742,2.206451613
2/1/1960,-8.113793103,4.962068966,-13.96206897,-4.406896552,1.086206897,4.310344828,0.4,2.248275862
3/1/1960,-4.996774194,5.941935484,-10.76774194,-6.035483871,0.193548387,3.483870968,0.996774194,1.25483871
4/1/1960,4.543333333,9.95,2.22,7.506666667,1.01,1.503333333,1.66,2.156666667
5/1/1960,8.864516129,12.0483871,12.65806452,13.55483871,1.712903226,2.816129032,1.1,3.767741935
6/1/1960,13.26333333,15.13,16.25666667,18.15666667,2.87,0.51,1.856666667,1.853333333
7/1/1960,18.64193548,18.62580645,20.65806452,20.3,1.374193548,0.032258065,0.548387097,3.348387097
8/1/1960,15.21612903,16.63870968,19.81935484,20.38064516,1.34516129,2.180645161,2.535483871,1.283870968
9/1/1960,11.40666667,13.54666667,14,17.61,0.393333333,0.956666667,0.79,0.21
10/1/1960,7.2,11.08709677,6.874193548,9.870967742,0.641935484,6.722580645,1.509677419,1.864516129
11/1/1960,-3.346666667,6.376666667,-4.126666667,5.536666667,0.423333333,4.7,0.406666667,1.903333333
12/1/1960,-4.667741935,4.080645161,-14.6516129,-5.377419355,0.564516129,4.438709677,0.774193548,0.55483871
1/1/1961,-2.980645161,4.896774194,-16.83225806,-8.151612903,0.180645161,6.806451613,0.093548387,0.35483871
2/1/1961,-4.146428571,6.475,-11.24285714,-3.025,1.071428571,9.9,1.492857143,2.114285714
3/1/1961,-0.777419355,7.703225806,-4.216129032,0.083870968,0.158064516,3.748387097,0.435483871,2.483870968
4/1/1961,2.636666667,9.296666667,1.486666667,4.61,1.266666667,1.593333333,1.443333333,3.273333333
5/1/1961,10.55483871,12.78064516,11.17741935,11.64516129,1.380645161,3.164516129,0.319354839,2.067741935
6/1/1961,17.72666667,16.84333333,19.49333333,17.98,0.333333333,0.863333333,0.113333333,2.76
7/1/1961,17.12580645,18.83548387,20.19677419,21.11612903,4.964516129,1.203225806,2.696774194,2.6
8/1/1961,17.99032258,19,21.53870968,20.62903226,0.861290323,1.316129032,0.132258065,1.816129032
9/1/1961,7.96,13.67,11.27333333,19.35,0.743333333,1.666666667,1.95,1.413333333
10/1/1961,4.512903226,8.893548387,6.574193548,11.9483871,1.335483871,4.180645161,0.822580645,0.477419355
11/1/1961,-3.486666667,5.176666667,-3.036666667,3.166666667,0.13,4.786666667,0.146666667,1.72
12/1/1961,-11.0516129,3.680645161,-16.58064516,-2.506451613,0.406451613,6.129032258,0.993548387,1.493548387
1/1/1962,-7.922580645,2.85483871,-20.09032258,-7.258064516,0.383870968,4.622580645,0.716129032,2.183870968
2/1/1962,-9.646428571,5.375,-19.56785714,-8.146428571,0.407142857,2.285714286,1.428571429,3.075
3/1/1962,-6.016129032,4.85483871,-7.919354839,-0.335483871,0.338709677,3.012903226,0.980645161,0.387096774
4/1/1962,6.423333333,9.83,0.26,6.85,0.5,3.026666667,0.57,1.15
5/1/1962,8.790322581,11.43548387,10.86451613,15.89032258,1.838709677,1.4,4.270967742,0.377419355
6/1/1962,14.52333333,15.32666667,18.39333333,18.72333333,1.516666667,0.7,1.786666667,2.176666667
7/1/1962,15.48709677,17.14516129,18.69032258,19.77419355,1.080645161,0.819354839,5.012903226,2.925806452
8/1/1962,15.48387097,16.61612903,18.50967742,20.47096774,1.664516129,2.896774194,5.6,2.461290323
9/1/1962,11.57333333,14.65666667,12.18666667,14.52666667,0.9,2.146666667,0.526666667,4.4
10/1/1962,7.690322581,11.18064516,8.15483871,10.29032258,0.312903226,3.85483871,0.6,3.170967742
11/1/1962,1.423333333,7.82,-1.54,2.35,0.146666667,6.263333333,1.823333333,3.223333333
12/1/1962,-4.670967742,5.348387097,-12.12580645,-4.429032258,0.251612903,6.409677419,0.348387097,1.935483871
1/1/1963,-11.11612903,0.722580645,-20.26129032,-8.577419355,0.825806452,1.296774194,0.216129032,0.838709677
2/1/1963,-2.825,6.896428571,-16.77857143,-9.403571429,0.282142857,5.146428571,1.053571429,0.485714286
3/1/1963,0.138709677,5.887096774,-5.441935484,0.758064516,0.461290323,2.34516129,0.596774194,1.919354839
4/1/1963,4.2,9.066666667,4.906666667,6.873333333,0.636666667,2.426666667,3.016666667,1.81
5/1/1963,9.158064516,12.7,9.929032258,11.98709677,0.632258065,1.474193548,2.119354839,2.341935484
6/1/1963,14.19,14.98666667,19.00333333,19.21333333,4.876666667,1.423333333,2.906666667,1.426666667
7/1/1963,16.87419355,16.20645161,21.81935484,21.45483871,2.919354839,2.080645161,1.741935484,2.380645161
8/1/1963,16.84193548,17.53548387,19.53548387,18.90645161,0.541935484,0.470967742,1.712903226,1.864516129
9/1/1963,14.76666667,16.02,14.64333333,14.00333333,1.686666667,1.28,0.536666667,1.6
10/1/1963,8.95483871,11.38387097,12.81290323,13.60322581,0,4.964516129,0.648387097,0.293548387
11/1/1963,-3.736666667,6.343333333,-1.506666667,6.223333333,0.44,5.44,0.49,2.186666667
12/1/1963,-8.241935484,4.361290323,-16.16129032,-7.474193548,0.680645161,7.793548387,0.858064516,1.396774194
1/1/1964,-6.361290323,4.509677419,-14.59354839,-4.009677419,0.061290323,6.851612903,0.538709677,1.893548387
2/1/1964,-0.055172414,4.203448276,-12.78275862,-6.127586207,0.072413793,2.434482759,0.182758621,0.989655172
3/1/1964,-6.219354839,5.780645161,-12.06129032,-0.780645161,0.274193548,3.132258065,1.629032258,2.816129032
4/1/1964,3.626666667,7.926666667,4.853333333,5.753333333,0.443333333,1.183333333,1.813333333,2.463333333
5/1/1964,9.883870968,10.98387097,12.44193548,13.80967742,2.061290323,1.425806452,1.1,1.338709677
6/1/1964,13.9,14.45666667,15.29333333,16.74666667,3.386666667,1.873333333,3.976666667,1.27
7/1/1964,17.43225806,16.03870968,20.73225806,21.15483871,2.329032258,2.577419355,0.725806452,3.277419355
8/1/1964,15.02258065,16.32580645,16.52903226,16.83870968,0.264516129,1.219354839,2.303225806,4.764516129
9/1/1964,8.46,13.06666667,11.01666667,14.20666667,1.916666667,4.043333333,1.163333333,0.47
10/1/1964,8.012903226,9.616129032,6.503225806,7.6,0.580645161,1.380645161,0.193548387,1.493548387
11/1/1964,-3.82,4.803333333,-4.443333333,3.756666667,0.696666667,5.163333333,0.526666667,1.093333333
12/1/1964,-17.14193548,0.7,-18.73225806,-3.24516129,0.783870968,4.777419355,0.987096774,1.7
1/1/1965,-11.78709677,2.106451613,-21.63548387,-6.864516129,0.380645161,6.174193548,0.183870968,2.267741935
2/1/1965,-8.057142857,4.560714286,-17.83214286,-5.957142857,0.578571429,6.425,0.507142857,3.828571429
3/1/1965,-8.248387097,4.567741935,-13.8,-3.432258065,0.522580645,1.396774194,0.438709677,1.448387097
4/1/1965,3.453333333,9.1,3.353333333,3.376666667,0.42,1.736666667,2.163333333,2.51
5/1/1965,8.448387097,10.6516129,10.29032258,13.28387097,1.425806452,1.693548387,2.95483871,1.503225806
6/1/1965,12.52333333,14.84,16.91666667,16.46,5.666666667,0.433333333,2.006666667,1.336666667
7/1/1965,16.92580645,17.60967742,18.00967742,17.32903226,3.793548387,0.190322581,2.590322581,2.048387097
8/1/1965,16.61612903,17.21290323,17.29354839,18.09354839,2.251612903,1.987096774,1.112903226,2.416129032
9/1/1965,5.123333333,12.93333333,7.99,15.17333333,2.72,0.51,2.16,2.22
10/1/1965,8.435483871,10.94516129,7.093548387,7.303225806,0.367741935,4.093548387,0.467741935,3.380645161
11/1/1965,-5.753333333,7.21,-7.36,2.653333333,1.036666667,4.116666667,1.476666667,2.703333333
12/1/1965,-9.651612903,3.209677419,-9.987096774,-0.596774194,0.248387097,4.648387097,1.238709677,2.061290323
1/1/1966,-17.94193548,2.877419355,-26.67741935,-8.161290323,0.335483871,5.167741935,0.309677419,1.961290323
2/1/1966,-7.189285714,4.321428571,-18.89285714,-5.35,0.192857143,1.807142857,0.371428571,1.089285714
3/1/1966,-0.558064516,6.167741935,-5.551612903,0.670967742,0.158064516,3.087096774,1.325806452,1.8
4/1/1966,0.74,8.436666667,1.226666667,4.596666667,1.423333333,0.863333333,1.563333333,1.763333333
5/1/1966,10.19032258,11.50967742,8.874193548,9.374193548,1.883870968,1.219354839,1.229032258,1.525806452
6/1/1966,11.86666667,13.97333333,17.45333333,17.81,2.64,1.733333333,1.196666667,2.42
7/1/1966,15.63225806,15.94516129,20.7516129,21.25806452,3.658064516,2.061290323,2.770967742,0.483870968
8/1/1966,13.84516129,17.14516129,17.87419355,19.39677419,0.980645161,0.964516129,3.393548387,2.274193548
9/1/1966,12.93,14.99666667,13.59,14.02666667,0.153333333,2.326666667,0.6,1.843333333
10/1/1966,5.193548387,9.609677419,5.038709677,8.34516129,0.470967742,4.267741935,0.693548387,0.796774194
11/1/1966,-7.73,6.53,-9.846666667,3.84,1.13,5.67,0.873333333,4.763333333
12/1/1966,-7.680645161,5.861290323,-15.69354839,-3.238709677,0.187096774,7.85483871,0.683870968,2.738709677
1/1/1967,-11.67741935,4.54516129,-17.32258065,-3.483870968,0.664516129,7.374193548,0.667741935,1.793548387
2/1/1967,-5.264285714,5.1,-21.12857143,-8.667857143,0.346428571,3.25,0.335714286,1.528571429
3/1/1967,-7.867741935,5.187096774,-8.790322581,-2.483870968,0.632258065,3.232258065,0.564516129,0.677419355
4/1/1967,-0.4,7.43,0.366666667,6.11,0.906666667,1.91,2.423333333,3.306666667
5/1/1967,7.883870968,12.14516129,8.038709677,8.496774194,1.967741935,1.193548387,0.916129032,1.587096774
6/1/1967,12.44,16.76,15.85666667,19.31,1.81,0.393333333,1.68,5.026666667
7/1/1967,16.49032258,17.51935484,18.76129032,18.9483871,0.248387097,0.693548387,3.583870968,2.1
8/1/1967,17.33870968,19.0516129,17.52903226,17.91612903,0.467741935,0.196774194,1.841935484,1.477419355
9/1/1967,14.96666667,15.73666667,15.68,14.13333333,0.053333333,1.976666667,0.753333333,2.273333333
10/1/1967,5.893548387,11.03548387,4.409677419,8.758064516,0.593548387,9.235483871,1.458064516,2.425806452
11/1/1967,-1.023333333,6.726666667,-3.636666667,1.296666667,0.213333333,3.943333333,0.49,1.316666667
12/1/1967,-7.703225806,3.935483871,-11.77096774,-1.919354839,0.496774194,5.04516129,0.687096774,2.248387097
1/1/1968,-11.76451613,3.777419355,-18.40645161,-8.819354839,0.467741935,7.029032258,0.693548387,2.651612903
2/1/1968,-4.334482759,5.493103448,-17.27241379,-7.634482759,0.082758621,3.593103448,0.172413793,1.310344828
3/1/1968,1.551612903,7.64516129,-3.777419355,0.361290323,0.606451613,4.461290323,0.425806452,1.851612903
4/1/1968,2.363333333,8.393333333,3.856666667,7.543333333,0.62,1.103333333,1.076666667,1.01
5/1/1968,8.05483871,12.52903226,9.34516129,9.7,1.609677419,2.090322581,3.196774194,3.267741935
6/1/1968,12.28666667,14.97666667,15.37333333,16.43666667,1.833333333,2.263333333,2.763333333,1.93
7/1/1968,15.67419355,17.90967742,17.64516129,19.48709677,2.151612903,0.812903226,4.635483871,1.874193548
8/1/1968,13.40967742,16.3516129,15.51612903,18.7483871,0.832258065,1.638709677,4.616129032,5.274193548
9/1/1968,10.68333333,13.71333333,13.66666667,16.59333333,2.06,2.836666667,1.96,2.94
10/1/1968,4.932258065,9.703225806,5.709677419,10.08709677,0.590322581,5.732258065,1.306451613,1.325806452
11/1/1968,-1.343333333,6.73,-2.42,2.553333333,0.103333333,4.93,0.126666667,3.11
12/1/1968,-14.22580645,1.190322581,-14.76451613,-4.816129032,0.764516129,5.903225806,0.293548387,2.583870968
1/1/1969,-24.61290323,-2.906451613,-21.90967742,-6.496774194,0.464516129,4.096774194,1.538709677,1.629032258
2/1/1969,-12.06785714,2.960714286,-13.95714286,-5.125,0.446428571,1.721428571,0.314285714,0.567857143
3/1/1969,-4.412903226,5.935483871,-10.81290323,-1.774193548,0.219354839,2.787096774,0.322580645,1.151612903
4/1/1969,6.98,8.4,5.88,6.8,1.883333333,3.453333333,0.846666667,2.996666667
5/1/1969,10.3483871,13.14516129,10.49677419,11.23548387,0.951612903,0.85483871,2.477419355,2.435483871
6/1/1969,13.2,17.29666667,12.22,15.91333333,4.22,0.543333333,3.5,1.3
7/1/1969,14.60967742,17.18387097,18.47419355,20.16774194,2.425806452,0.532258065,3.270967742,3.467741935
8/1/1969,15.74516129,15.74193548,20.88709677,20.87741935,0.496774194,1.603225806,1.841935484,1.825806452
9/1/1969,10.76,14.04,12.73666667,15.63666667,1.746666667,4.473333333,2.04,0.503333333
10/1/1969,1.735483871,9.664516129,2.487096774,8.274193548,1.022580645,3.129032258,0.877419355,1.583870968
11/1/1969,1.556666667,6.526666667,-3.306666667,3.3,0.143333333,3.16,0.313333333,2.373333333
12/1/1969,-4.283870968,5.287096774,-10.18709677,-6.24516129,0.090322581,4.761290323,0.606451613,1.977419355
1/1/1970,-13.56451613,3.058064516,-19.96451613,-10.87096774,0.406451613,3.741935484,0.748387097,0.829032258
2/1/1970,-3.010714286,5.339285714,-16.20714286,-6.585714286,0.335714286,1.996428571,0.539285714,1.067857143
3/1/1970,-3.983870968,6.151612903,-13.07096774,-2.219354839,0.748387097,1.9,0.883870968,1.412903226
4/1/1970,2.006666667,7.956666667,1.426666667,6.65,1.176666667,3.74,2.18,2.713333333
5/1/1970,9.574193548,11.47419355,9.319354839,11.98064516,0.616129032,0.835483871,2.796774194,1.832258065
6/1/1970,16.07333333,15.99333333,18.89333333,17.13,5.303333333,1.28,1.683333333,1.27
7/1/1970,17.75806452,17.11290323,20.49032258,20.63225806,1.861290323,1.087096774,2.241935484,3.667741935
8/1/1970,16.69032258,16.5483871,18.89677419,19.63870968,0.216129032,0.187096774,2.416129032,3.658064516
9/1/1970,9.866666667,12.64,12.82666667,15.4,0.78,2.526666667,3.74,2.066666667
10/1/1970,4.858064516,8.593548387,5.980645161,10.11612903,0.783870968,2.112903226,0.864516129,2.058064516
11/1/1970,-6.716666667,5.14,-4.766666667,4.073333333,0.573333333,3.353333333,0.89,1.5
12/1/1970,-12.5483871,2.935483871,-17.29354839,-5.164516129,0.316129032,6.009677419,0.75483871,2.603225806
1/1/1971,-13.9,2.106451613,-22.49032258,-9.151612903,0.787096774,6.780645161,0.351612903,0.94516129
2/1/1971,-4.45,4.046428571,-13.91428571,-5.182142857,0.375,5.067857143,0.167857143,2.546428571
3/1/1971,-5.167741935,4.412903226,-6.783870968,-3.480645161,0.877419355,5.15483871,1.409677419,1.083870968
4/1/1971,4.38,8.14,3.23,4.573333333,0.603333333,1.69,2.006666667,0.836666667
5/1/1971,10.86451613,11.80322581,10.11612903,11.52580645,0.583870968,1.367741935,1.516129032,1.122580645
6/1/1971,13.29333333,13.54,17.56,17.89333333,3.176666667,2.17,2.53,2.57
7/1/1971,15.96774194,17.2516129,16.41290323,18.98709677,2.370967742,1.096774194,3.709677419,2.541935484
8/1/1971,19.59354839,18.38064516,18.79032258,18.79032258,0.961290323,0.561290323,0.551612903,4.064516129
9/1/1971,9.333333333,13.07,13.32,16.88333333,1.35,3.426666667,1.663333333,1.08
10/1/1971,4.551612903,9.006451613,6.338709677,12.58709677,0.832258065,4.319354839,2.332258065,1.216129032
11/1/1971,-2.053333333,6.373333333,-5.633333333,2.53,0.06,6.136666667,0.756666667,1.173333333
12/1/1971,-13.93225806,0.596774194,-15.26451613,-1.290322581,0.887096774,6.209677419,0.193548387,2.996774194
1/1/1972,-15.69677419,0.658064516,-22.01935484,-5.95483871,0.558064516,2.490322581,0.519354839,1.225806452
2/1/1972,-13.34137931,3.865517241,-19.37931034,-7.965517241,0.744827586,4.631034483,0.362068966,2.05862069
3/1/1972,-1.929032258,7,-8.087096774,-4.277419355,0.367741935,5.770967742,0.651612903,3.129032258
4/1/1972,3.466666667,7.006666667,3.153333333,2.84,0.56,3.983333333,0.433333333,1.766666667
5/1/1972,10.25806452,12.63548387,14.6,13.02258065,1.003225806,1.041935484,0.935483871,1.141935484
6/1/1972,15.03666667,14.62,17.37666667,15.57,4.686666667,1.553333333,1.673333333,3.77
7/1/1972,13.96451613,16.86451613,17.14516129,19.77096774,2.303225806,2.622580645,1.94516129,1.116129032
8/1/1972,16.89677419,17.80322581,18.52903226,18.49677419,1.822580645,0.75483871,3.332258065,2.422580645
9/1/1972,6.62,12.39,10.32,15.39333333,1.873333333,2.653333333,2.043333333,2.803333333
10/1/1972,2.729032258,7.851612903,2.448387097,6.296774194,0.596774194,1.712903226,0.793548387,3.187096774
11/1/1972,-1.48,6.09,-6.763333333,1.016666667,0.176666667,3.913333333,0.353333333,2.403333333
12/1/1972,-12.54516129,1.8,-19.23225806,-3.122580645,1.151612903,9.683870968,0.829032258,3.074193548
1/1/1973,-6.893548387,2.229032258,-14.02258065,-4.287096774,0.109677419,4.851612903,0.083870968,1.109677419
2/1/1973,-7.257142857,4.757142857,-13.96071429,-7.682142857,0.667857143,2.442857143,0.232142857,1.307142857
3/1/1973,0.358064516,6.232258065,0.467741935,3.209677419,0.312903226,2.219354839,0.44516129,3.909677419
4/1/1973,2.506666667,8.603333333,2.196666667,6.55,0.866666667,0.433333333,0.703333333,2.073333333
5/1/1973,10.92903226,12.09677419,10.61612903,10.90645161,0.909677419,1.567741935,3.332258065,2.841935484
6/1/1973,13.54,14.25333333,16.24,18.42666667,2.87,1.753333333,2.943333333,2.266666667
7/1/1973,16.5483871,16.7483871,18.32903226,20.74193548,1.229032258,0.3,3.967741935,2.022580645
8/1/1973,15.41290323,15.72258065,19.90967742,21.83548387,2.703225806,0.938709677,2.122580645,0.948387097
9/1/1973,10.87333333,14.84333333,12.00666667,15.64333333,0.93,0.913333333,2.736666667,1.78
10/1/1973,5.058064516,9.658064516,7.867741935,10.66774194,0.229032258,3.670967742,1.2,4.022580645
11/1/1973,-12.22333333,4.26,-7.523333333,3.606666667,0.79,6.133333333,1.346666667,3.106666667
12/1/1973,-7.216129032,5.303225806,-15.83225806,-4.451612903,0.283870968,7.561290323,0.619354839,2.477419355
1/1/1974,-13.23225806,2.609677419,-22.48709677,-5.880645161,0.783870968,5.774193548,1.264516129,2.158064516
2/1/1974,-4.292857143,4.660714286,-17.64642857,-7.960714286,0.125,3.903571429,0.407142857,1.614285714
3/1/1974,-5.651612903,6.135483871,-11.2,-0.958064516,0.558064516,6.016129032,0.496774194,1.835483871
4/1/1974,5.27,9.006666667,1.75,6.993333333,1.686666667,3.36,1.956666667,3.076666667
5/1/1974,7.074193548,10.55483871,8.609677419,9.838709677,2.296774194,3.8,5.038709677,4.516129032
6/1/1974,15.35666667,14.54333333,17.10333333,16.66666667,0.63,0.666666667,0.593333333,4.246666667
7/1/1974,16.21290323,15.91612903,21.93548387,20.3516129,1.241935484,2.438709677,1.032258065,1.896774194
8/1/1974,13.63548387,17.31290323,16.67419355,19.65483871,2.067741935,0.106451613,3.541935484,0.470967742
9/1/1974,10.09666667,15.75666667,9.863333333,13.88666667,1.24,0.79,1.536666667,1.553333333
10/1/1974,8.006451613,10.30967742,5.941935484,7.025806452,0.361290323,1.64516129,0.174193548,0.780645161
11/1/1974,-1.106666667,6.433333333,-3.306666667,3.146666667,0.223333333,6.45,0.186666667,2.493333333
12/1/1974,-2.464516129,5.35483871,-8.658064516,-1.322580645,0.135483871,6.061290323,0.425806452,1.470967742
1/1/1975,-8.216129032,2.448387097,-15.90322581,-3.325806452,0.235483871,5.567741935,1.480645161,1.667741935
2/1/1975,-12.40357143,2.546428571,-16.68214286,-3.921428571,0.45,4.739285714,0.557142857,2.592857143
3/1/1975,-5.816129032,5.132258065,-10.78709677,-2.432258065,0.735483871,3.112903226,0.609677419,2.061290323
4/1/1975,-0.296666667,7.2,2.233333333,2.763333333,0.523333333,0.786666667,1.53,2.32
5/1/1975,8.274193548,11.67096774,12.25483871,15.47741935,2.2,1.419354839,1.532258065,2.074193548
6/1/1975,12.56333333,14.31333333,16.93666667,18.12,2.363333333,0.826666667,4.013333333,2.086666667
7/1/1975,18.18709677,18.00322581,21.50967742,21.65483871,2.032258065,0.387096774,1.877419355,1.658064516
8/1/1975,14.03225806,15.83225806,16.71935484,19.95806452,0.896774194,3.267741935,4.283870968,3.509677419
9/1/1975,11.91333333,14.06333333,10.92,13.11666667,0.763333333,0.01,1.393333333,2.18
10/1/1975,4.687096774,9.590322581,6.916129032,9.406451613,0.5,9.277419355,1.235483871,1.774193548
11/1/1975,-2.866666667,5.57,-1.903333333,6.413333333,0.253333333,6.75,0.433333333,1.833333333
12/1/1975,-6.45483871,2.987096774,-14.11290323,-4.806451613,1.125806452,7.167741935,0.551612903,2.251612903
1/1/1976,-6,4.338709677,-18.12258065,-10.11935484,0.158064516,5.767741935,0.961290323,1.693548387
2/1/1976,-4.15862069,4.296551724,-11.60689655,-2.693103448,0.431034483,4.493103448,0.793103448,2.04137931
3/1/1976,-3.241935484,4.358064516,-10.01290323,0.177419355,0.335483871,3.758064516,0.74516129,3.758064516
4/1/1976,6.213333333,8.73,5.94,7.633333333,0.456666667,2.58,1.053333333,2.403333333
5/1/1976,11.76129032,11.6,11.78064516,10.63225806,1.806451613,2.377419355,0.335483871,3.696774194
6/1/1976,11.57666667,13.67,18.24333333,18.59666667,2.016666667,1.836666667,6.083333333,2.776666667
7/1/1976,16.64193548,16.87419355,19.69677419,18.59354839,2.248387097,0.75483871,1.190322581,2.638709677
8/1/1976,16.12258065,15.88709677,19.28387097,18.57741935,2.983870968,2.383870968,1.903225806,2.096774194
9/1/1976,13.27666667,14.79,13.37666667,14.41666667,1.273333333,1.463333333,0.33,2.33
10/1/1976,4.051612903,10.12258065,3.077419355,6.067741935,0.5,2.732258065,0.080645161,2.087096774
11/1/1976,-0.046666667,6.05,-5.813333333,0.14,0.703333333,1.613333333,0.026666667,0.396666667
12/1/1976,-4.132258065,5.509677419,-18.49354839,-7.525806452,0.348387097,3.296774194,0.587096774,1.164516129
1/1/1977,-8.106451613,2.277419355,-20.98064516,-11.69354839,0.725806452,2.803225806,0.403225806,1.190322581
2/1/1977,1.992857143,6.728571429,-11.65,-6.014285714,0.007142857,2.825,0.746428571,0.939285714
3/1/1977,-1.425806452,5.980645161,-2.796774194,2.164516129,0.206451613,2.580645161,0.319354839,2.319354839
4/1/1977,7.266666667,9.613333333,7.38,7.366666667,0.186666667,1.876666667,0.173333333,2.343333333
5/1/1977,9.635483871,11.36451613,17.8,14.46129032,3.129032258,2.332258065,5.732258065,0.912903226
6/1/1977,15.21666667,15.3,16.7,16.67333333,0.976666667,0.646666667,2.946666667,3.466666667
7/1/1977,15.42580645,16.60967742,19.36451613,20.48709677,2.041935484,1.067741935,2.748387097,3.822580645
8/1/1977,12.71290323,18.78064516,14.38709677,18.04516129,2.970967742,2.058064516,2.890322581,3.332258065
9/1/1977,8.93,13.24666667,12.38,15.10666667,2.583333333,3.793333333,4.94,5.14
10/1/1977,5.383870968,9.535483871,7.538709677,8.035483871,0.138709677,2.883870968,0.974193548,2.238709677
11/1/1977,-4.82,4.97,-4.753333333,4.006666667,0.286666667,5.773333333,0.946666667,2.863333333
12/1/1977,-13.70322581,2.932258065,-17.44193548,-4.458064516,0.441935484,5.322580645,0.606451613,3.3
1/1/1978,-15.60967742,3.477419355,-21.10967742,-8.635483871,0.916129032,4.048387097,0.332258065,2.232258065
2/1/1978,-11.36785714,5.542857143,-17.68571429,-9.964285714,0.385714286,3.385714286,0.267857143,0.325
3/1/1978,-2.119354839,7.274193548,-8.206451613,-3.870967742,0.212903226,3.035483871,0.367741935,1.283870968
4/1/1978,3.496666667,9.156666667,3.396666667,3.956666667,2.64,3.393333333,0.76,2.13
5/1/1978,8.787096774,11.77096774,14.49032258,13.21612903,2.44516129,2.893548387,3.95483871,2.2
6/1/1978,14.22666667,16.30666667,16.08666667,16.72333333,1.986666667,0.683333333,1.716666667,0.84
7/1/1978,16.33225806,18.13225806,18.87419355,20.40645161,1.8,0.251612903,1.95483871,1.370967742
8/1/1978,14.70322581,17.28709677,17.40645161,19.66774194,3.377419355,3.367741935,0.596774194,2.051612903
9/1/1978,10.98,13.73666667,14.62333333,14.66666667,2.743333333,3.706666667,2.753333333,4.476666667
10/1/1978,7.048387097,10.44193548,6.270967742,8.15483871,0.277419355,1.464516129,0.329032258,1.812903226
11/1/1978,-5.036666667,4.096666667,-8.373333333,2.96,0.423333333,4.243333333,1.42,1.763333333
12/1/1978,-9.064516129,2,-17.77741935,-2.761290323,0.280645161,3.041935484,0.674193548,1.970967742
1/1/1979,-13.78064516,0.158064516,-22.50645161,-7.732258065,0.235483871,1.858064516,0.290322581,2.24516129
2/1/1979,-16.76428571,3.867857143,-21.99642857,-10.83928571,0.285714286,6.157142857,0.717857143,1.196428571
3/1/1979,-0.193548387,7.24516129,-9.877419355,1.603225806,0.329032258,1.841935484,1.461290323,1.551612903
4/1/1979,1.253333333,8.856666667,-0.61,5.323333333,1.233333333,1.936666667,2.45,2.953333333
5/1/1979,7.477419355,12.76451613,7.364516129,11.42580645,1.335483871,1.287096774,3.003225806,3.2
6/1/1979,13.58333333,15.16,16.20666667,17.21,1.583333333,1.023333333,2.17,2.393333333
7/1/1979,16.90967742,17.86774194,20.91612903,20.45483871,1.493548387,0.858064516,0.74516129,2.193548387
8/1/1979,15.79032258,17.65806452,16.37419355,18.61612903,0.919354839,0.6,2.45483871,2.393548387
9/1/1979,13.55333333,15.45,12.99,14.90666667,0.663333333,2.63,0.83,1.483333333
10/1/1979,6.632258065,10.52258065,4.322580645,8.538709677,0.638709677,2.590322581,0.496774194,2.716129032
11/1/1979,-0.746666667,4.826666667,-4.953333333,3.693333333,0.143333333,2.756666667,0.486666667,3.216666667
12/1/1979,-4.8,5.874193548,-9.832258065,-1.067741935,0.483870968,9.138709677,0.364516129,3.258064516
1/1/1980,-13.30645161,0.483870968,-18.77419355,-5.077419355,0.406451613,2.703225806,1.096774194,1.219354839
2/1/1980,-6.724137931,5.679310345,-15.84482759,-7.827586207,0.365517241,6.562068966,0.606896552,0.555172414
3/1/1980,-4.764516129,5.670967742,-10.01290323,-1.977419355,0.451612903,4.009677419,0.425806452,2.670967742
4/1/1980,8.06,9.993333333,7.906666667,6.163333333,0.74,2.37,0,3.73
5/1/1980,11.23548387,12.26129032,15.66129032,13.8483871,3.067741935,1.7,0.251612903,1.570967742
6/1/1980,13.49,14.21333333,16.86666667,15.17333333,3.453333333,3.566666667,1.486666667,2.973333333
7/1/1980,16.25806452,16.53225806,20.44193548,20.42580645,1.612903226,2.180645161,0.764516129,5.880645161
8/1/1980,12.65483871,16.41612903,16.93548387,21.27419355,1.009677419,0.735483871,3.541935484,1.203225806
9/1/1980,10.88666667,13.93666667,11.24,15.01666667,1.366666667,3.263333333,2.853333333,1.77
10/1/1980,7.835483871,10.77419355,4.041935484,7.029032258,1.006451613,1.864516129,1.064516129,2.861290323
11/1/1980,1.443333333,7.006666667,-2.036666667,2.083333333,0.54,10.36333333,0.833333333,1.176666667
12/1/1980,-9.525806452,4.951612903,-15.46129032,-6.564516129,0.593548387,7.493548387,0.35483871,2.087096774
1/1/1981,-1.074193548,5.483870968,-14.07741935,-10.18709677,0.151612903,2.312903226,0.748387097,0.383870968
2/1/1981,-3.039285714,5.185714286,-10.12142857,-2.064285714,0.310714286,5.585714286,0.117857143,2.364285714
3/1/1981,2.038709677,7.809677419,-1.022580645,0.006451613,1.148387097,4.067741935,0.470967742,0.574193548
4/1/1981,5.556666667,8.73,4.606666667,7.556666667,0.086666667,4.776666667,0.423333333,1.656666667
5/1/1981,9.977419355,12.46451613,10.88064516,11.74193548,4.583870968,2.64516129,1.535483871,1.874193548
6/1/1981,12.28333333,13.87333333,15.97666667,17.32666667,2.296666667,4.526666667,3.013333333,2.05
7/1/1981,15.22903226,17.07096774,20.30967742,20.61290323,4.096774194,1.258064516,1.258064516,2.148387097
8/1/1981,17.61290323,18.78709677,20.11612903,19.39032258,0.916129032,1.167741935,3.341935484,4.14516129
9/1/1981,12.16,14.96,12.39666667,14.33666667,1.336666667,2.803333333,2.416666667,3.443333333
10/1/1981,5.325806452,9.335483871,5.338709677,6.467741935,1.232258065,6.458064516,1.922580645,4.351612903
11/1/1981,1.89,7.626666667,0.983333333,3.433333333,0.233333333,6.546666667,0.196666667,1.926666667
12/1/1981,-7.780645161,3.848387097,-12.94516129,-2.903225806,0.129032258,6.064516129,0.235483871,1.096774194
1/1/1982,-19.06129032,1.916129032,-25.14516129,-10.09032258,0.729032258,7.693548387,0.829032258,1.751612903
2/1/1982,-10.84642857,4.167857143,-14.53571429,-7.560714286,0.371428571,8.021428571,0.278571429,1.010714286
3/1/1982,-4.796774194,5.467741935,-7.232258065,-2.006451613,0.870967742,2.093548387,1.15483871,2.090322581
4/1/1982,1.136666667,7.67,2.706666667,4.66,0.4,2.976666667,0.443333333,1.436666667
5/1/1982,8.45483871,12.12580645,13.42258065,14.27741935,2.638709677,0.729032258,0.751612903,1.45483871
6/1/1982,14.01333333,16.74333333,13.58666667,15.20666667,2.893333333,0.973333333,1.806666667,3.75
7/1/1982,15.99354839,17.01612903,20.00967742,20.93225806,2.422580645,2.161290323,3.448387097,1.003225806
8/1/1982,14.97419355,16.80645161,16.82580645,17.32580645,0.774193548,1.2,1.903225806,3.874193548
9/1/1982,11.00333333,14.61666667,12.18333333,14.83,2.093333333,1.473333333,1.94,4.296666667
10/1/1982,6.393548387,10.21612903,6.203225806,9.664516129,0.119354839,3.806451613,2,1.403225806
11/1/1982,-5.09,4.223333333,-5.793333333,3.87,0.22,5.83,0.19,3.16
12/1/1982,-4.606451613,4.106451613,-9.829032258,0.722580645,0.261290323,4.829032258,1.022580645,2.609677419
1/1/1983,-4.587096774,6.238709677,-12.39032258,-4.080645161,0.283870968,5.558064516,0.409677419,1.087096774
2/1/1983,-1.664285714,6.396428571,-10.52142857,-3.064285714,0.2,8.364285714,0.539285714,1.45
3/1/1983,-2.603225806,8.177419355,-4.664516129,0.532258065,0.732258065,4.812903226,2.116129032,2.493548387
4/1/1983,4.356666667,9.256666667,3.163333333,5.526666667,1.84,4.256666667,0.21,2.773333333
5/1/1983,10.02258065,13.66774194,8.316129032,10.08064516,0.309677419,1.222580645,0.938709677,3.209677419
6/1/1983,13.99333333,15.27333333,17.08333333,18.30333333,1.593333333,2.106666667,4.64,1.1
7/1/1983,16.46451613,16.6516129,22.19032258,22.34193548,1.903225806,2.567741935,0.961290323,0.590322581
8/1/1983,18.31612903,17.69677419,22.47741935,21.0483871,1.35483871,0.777419355,2.748387097,3.619354839
9/1/1983,9.89,13.50666667,12.89,16.71,0.533333333,2.556666667,1.76,1.83
10/1/1983,6.003225806,9.45483871,5.632258065,8.893548387,0.132258065,2.9,0.7,2.316129032
11/1/1983,-2.19,7.57,-1.9,3.31,0.353333333,11.69333333,0.543333333,2.97
12/1/1983,-17.06774194,0.622580645,-20.31612903,-6.390322581,0.432258065,2.706451613,0.183870968,2.64516129
1/1/1984,-3.612903226,4.383870968,-16.67096774,-9.706451613,0.319354839,7.222580645,0.393548387,0.974193548
2/1/1984,0.955172414,6.179310345,-6.727586207,-1.489655172,0.089655172,6.124137931,0.275862069,2.034482759
3/1/1984,-1.712903226,7.94516129,-7.038709677,-4.606451613,0.65483871,4.148387097,0.377419355,1.919354839
4/1/1984,5.376666667,8.773333333,7.203333333,7.21,0.516666667,4.14,1.563333333,1.956666667
5/1/1984,8.729032258,11.31612903,10.16451613,10.33225806,2.122580645,3.583870968,0.961290323,3.316129032
6/1/1984,13.77666667,14.69666667,16.95333333,18.14,2.433333333,2.3,7.596666667,1.603333333
7/1/1984,17.41935484,17.23225806,19.59677419,19.79032258,0.793548387,0.125806452,1.235483871,2.041935484
8/1/1984,17.34193548,17.54193548,21.00645161,21.07096774,0.529032258,0.506451613,0.696774194,2.058064516
9/1/1984,7.51,13.87,10.61666667,13.87666667,3.606666667,1.386666667,2.066666667,2.49
10/1/1984,1.841935484,8.812903226,6.364516129,10.32903226,0.590322581,4.177419355,3.193548387,0.841935484
11/1/1984,-5.413333333,6.036666667,-4.873333333,2.723333333,0.176666667,7.906666667,0.886666667,2.33
12/1/1984,-12.52903226,0.625806452,-17.57419355,-0.158064516,0.235483871,5.148387097,0.722580645,1.977419355
1/1/1985,-5.158064516,1.5,-17.79032258,-8.429032258,0.109677419,0.909677419,0.361290323,2.470967742
2/1/1985,-8.410714286,3.275,-16.89642857,-5.771428571,0.567857143,3.325,0.482142857,2.967857143
3/1/1985,-0.541935484,5.190322581,-2.770967742,0.290322581,0.090322581,3.287096774,0.219354839,2.535483871
4/1/1985,5.296666667,8.56,6.263333333,7.263333333,0.796666667,2.686666667,0.54,1.103333333
5/1/1985,11.82580645,12.24516129,13.13548387,13.10967742,0.706451613,1.422580645,2.064516129,2.448387097
6/1/1985,13.15,14.89666667,14.02,15.64,1.363333333,1.06,2.246666667,1.243333333
7/1/1985,18.38709677,19.31612903,18.7516129,19.59354839,1.716129032,0,1.096774194,2.951612903
8/1/1985,14.35483871,17.02258065,16.27741935,19.40645161,2.135483871,1.016129032,7.032258065,4.919354839
9/1/1985,6.85,13.11666667,9.986666667,17.02333333,4.126666667,1.97,0.95,1.92
10/1/1985,4.680645161,9.609677419,5.04516129,9.438709677,0.538709677,6.503225806,0.941935484,1.687096774
11/1/1985,-12.58,0.083333333,-11.91,3.403333333,0.376666667,2.803333333,1.463333333,5.393333333
12/1/1985,-2.861290323,1.761290323,-17.70967742,-4.635483871,0.280645161,1.729032258,0.451612903,1.158064516
1/1/1986,-0.725806452,6.122580645,-13.09677419,-5.570967742,0.022580645,6.703225806,0.309677419,0.85483871
2/1/1986,-8.657142857,3.664285714,-14.96428571,-6.114285714,0.403571429,4.460714286,0.460714286,1.142857143
3/1/1986,2.887096774,7.858064516,-4.364516129,0.590322581,0.187096774,3.596774194,0.54516129,1.574193548
4/1/1986,4.433333333,8.033333333,4.54,7.57,0.38,3.526666667,3.276666667,1.8
5/1/1986,10.7516129,12.48387097,13.96129032,14.31290323,2.177419355,3.24516129,0.812903226,2.425806452
6/1/1986,15.48,15.75666667,16.84666667,16.37666667,2.703333333,1.3,1.973333333,2.246666667
7/1/1986,14.59354839,16.13870968,19.52258065,21.04193548,3.022580645,1.490322581,3.806451613,3.94516129
8/1/1986,16.30645161,18.73548387,17.48709677,18.44193548,0.7,0,0.548387097,4.716129032
9/1/1986,7.26,14.44666667,11.68,14.72,4.853333333,2.406666667,1.583333333,7.076666667
10/1/1986,7.829032258,10.78064516,5.393548387,8.712903226,0.341935484,1.587096774,0.374193548,1.767741935
11/1/1986,-5.383333333,6.186666667,-9.626666667,1.586666667,0.39,5.84,1.613333333,1.48
12/1/1986,-1.658064516,4.635483871,-10.05806452,-1.170967742,0.038709677,6.009677419,0.206451613,2.170967742
1/1/1987,-1.035483871,4.412903226,-11.78709677,-4.619354839,0.041935484,4.741935484,0.335483871,1.825806452
2/1/1987,-1.485714286,6.489285714,-6.45,-5.778571429,0.1,2.785714286,1.460714286,0.528571429
3/1/1987,-1.232258065,7.964516129,-4.722580645,1.806451613,0.648387097,4.609677419,0.429032258,1.425806452
4/1/1987,7.576666667,10.35333333,8.86,8.776666667,0.746666667,2.106666667,0.026666667,1.66
5/1/1987,11.68064516,13.04516129,14.76774194,14.69032258,0.409677419,2.767741935,1.019354839,0.95483871
6/1/1987,16.7,15.98,18.97333333,19.59666667,0.726666667,0.593333333,1.84,2.276666667
7/1/1987,15.8483871,17.54193548,19.98387097,22.56774194,4.074193548,1.167741935,4.196774194,3.487096774
8/1/1987,13.07096774,17.70645161,17.26129032,19.60322581,3.319354839,0.838709677,3.132258065,1.687096774
9/1/1987,13.57666667,15.76,14.07666667,15.49666667,0.973333333,0.946666667,0.666666667,3.6
10/1/1987,7.125806452,10.95483871,3.429032258,7.035483871,0.064516129,0.658064516,1.077419355,1.551612903
11/1/1987,2.023333333,8.336666667,-0.8,3.406666667,0.18,4.56,0.373333333,2.78
12/1/1987,-2.896774194,3.558064516,-8.177419355,-0.241935484,0.158064516,5,0.470967742,1.529032258
1/1/1988,-8.493548387,3.464516129,-18.2483871,-4.541935484,0.138709677,3.019354839,0.287096774,0.693548387
2/1/1988,-3.817241379,5.575862069,-15.66551724,-6.765517241,0.148275862,2.472413793,0.368965517,2.227586207
3/1/1988,0.919354839,6.84516129,-4.512903226,-0.725806452,0.638709677,4.458064516,0.780645161,0.761290323
4/1/1988,6.34,9.62,5.08,5.91,0.05,3.04,0.026666667,1.84
5/1/1988,12.41612903,12.34516129,14.62258065,13.93548387,0.516129032,4.64516129,0.964516129,1.277419355
6/1/1988,16.32333333,15.09333333,22.05,17.69,2.82,1.3,3.163333333,0.833333333
7/1/1988,16.48387097,17.59032258,20.98387097,22.88709677,1.509677419,0.709677419,2.283870968,3.538709677
8/1/1988,14.97096774,17.71290323,20.16129032,21.39677419,5.287096774,0.877419355,0.274193548,1.2
9/1/1988,10.70666667,14.52333333,12.58666667,15.50333333,1.45,2.58,2.043333333,2.353333333
10/1/1988,6.812903226,11.26129032,3.722580645,7.174193548,0.258064516,3.490322581,0.864516129,2.174193548
11/1/1988,-0.283333333,7.016666667,-4.396666667,4.536666667,0.236666667,8.296666667,0.713333333,1.936666667
12/1/1988,-5.003225806,4.796774194,-12.81612903,-2.832258065,0.158064516,6.135483871,0.725806452,1.016129032
1/1/1989,-7.119354839,3.506451613,-15.79354839,-2.170967742,0.75483871,4.780645161,1.683870968,0.835483871
2/1/1989,-12.22142857,0.821428571,-18.47142857,-6.435714286,0.442857143,3.042857143,0.2,0.678571429
3/1/1989,-6.95483871,5.777419355,-10.16129032,-2.080645161,0.28,4.116129032,0.64516129,1.196774194
4/1/1989,4.453333333,10.43,2.61,5.083333333,0.76,1.386666667,0.53,1.37
5/1/1989,9.064516129,12.83548387,13.75483871,12.94193548,1.329032258,2.525806452,0.838709677,2.55483871
6/1/1989,14.27,16.10666667,16.45666667,18.42333333,2.69,1.653333333,5.006666667,3.156666667
7/1/1989,17.7483871,17.36451613,22.07419355,21.4483871,1.632258065,1.1,1.077419355,2.270967742
8/1/1989,15.43870968,17.2,19.53548387,19.6483871,1.987096774,2.035483871,2.470967742,1.277419355
9/1/1989,11.55,15.31666667,13.62666667,15.68666667,1.38,0.373333333,0.333333333,1.47
10/1/1989,5.677419355,10.49677419,5.790322581,9.809677419,0.193548387,3.109677419,0.535483871,2.458064516
11/1/1989,-0.696666667,6.98,-7.743333333,1.85,0.573333333,7.103333333,0.58,2.616666667
12/1/1989,-4.512903226,4.961290323,-19.81290323,-10.1,0.703225806,4.319354839,0.548387097,0.767741935
1/1/1990,-4.622580645,4.34516129,-11.58709677,-0.8,0.180645161,6.212903226,0.787096774,1.183870968
2/1/1990,-6.532142857,2.053571429,-14.68928571,-3.539285714,0.228571429,4.446428571,0.325,2.746428571
3/1/1990,0.864516129,6.480645161,-4.122580645,0.603225806,0.280645161,3.477419355,1.058064516,0.925806452
4/1/1990,4.676666667,10.27666667,2.803333333,8.26,0.706666667,3.026666667,0.66,1.766666667
5/1/1990,9.009677419,12.70967742,10.32580645,11.62258065,3.232258065,1.812903226,0.958064516,2.793548387
6/1/1990,13.85666667,15.35666667,17.59,18.67666667,2.043333333,3.656666667,4.77,2.313333333
7/1/1990,16.23548387,18.73870968,19.18709677,20.88709677,2.7,0.348387097,1.070967742,2.206451613
8/1/1990,16.71290323,19.02903226,20.01612903,20.30322581,1.880645161,1.225806452,0.54516129,3.632258065
9/1/1990,14.08,16.05,13.89333333,15.30333333,0.25,1.433333333,1.05,1.426666667
10/1/1990,4.061290323,9.903225806,5.3,9.435483871,0.416129032,3.783870968,0.283870968,2.832258065
11/1/1990,-4,6.953333333,-4.286666667,4.56,0.69,8.35,0.656666667,1.32
12/1/1990,-10.62903226,0.741935484,-16.32258065,-0.948387097,0.377419355,6.522580645,0.780645161,3.638709677
1/1/1991,-8.758064516,1.596774194,-18.83225806,-5.693548387,0.238709677,5.058064516,0.490322581,1.083870968
2/1/1991,0.921428571,7.057142857,-9.992857143,-2.421428571,0.532142857,5.117857143,0.492857143,0.839285714
3/1/1991,-3.451612903,5.361290323,-5.361290323,1.629032258,0.677419355,3.432258065,0.890322581,3.164516129
4/1/1991,5.416666667,8.77,7.213333333,8.683333333,0.236666667,3.71,2.643333333,3.846666667
5/1/1991,9.429032258,12.31290323,14.55483871,16.33870968,3.1,1.941935484,2.216129032,2.696774194
6/1/1991,13.02333333,14.59,18.96,20.02333333,3.773333333,1.786666667,4.373333333,0.813333333
7/1/1991,16.44193548,17.79354839,19.71612903,21.68709677,0.95483871,1.083870968,1.651612903,2.935483871
8/1/1991,18.11612903,17.96451613,20.92580645,21.09677419,2.070967742,5.483870968,0.2,2.948387097
9/1/1991,11.49333333,14.88666667,12.01333333,14.87333333,0.863333333,0.286666667,2.98,1.736666667
10/1/1991,2.167741935,9.161290323,1.841935484,10.38709677,0.509677419,0.874193548,2.390322581,1.493548387
11/1/1991,-2.603333333,7.14,-8.49,2.43,0.32,6.413333333,0.98,1.876666667
12/1/1991,-1.958064516,5.532258065,-10.90967742,-2.35483871,0.058064516,3.090322581,1.032258065,1.441935484
1/1/1992,-1.138709677,5.835483871,-11.4516129,-4.190322581,0.070967742,9.090322581,0.451612903,1.2
2/1/1992,-2.517241379,6.651724138,-10.10689655,-3.920689655,0.124137931,3.027586207,0.406896552,1.206896552
3/1/1992,3.119354839,8.5,-4.312903226,-1.129032258,0.25483871,0.835483871,0.612903226,0.7
4/1/1992,6.383333333,10.57,2.506666667,5.573333333,0.82,4.206666667,1.193333333,4.46
5/1/1992,9.512903226,13.55806452,12.49032258,12.32580645,1.490322581,0.509677419,0.638709677,2.248387097
6/1/1992,14.77666667,17.23666667,14.94333333,16.38,5.906666667,3.213333333,1.96,1.24
7/1/1992,14.20967742,18.38709677,15.9,18.02580645,2.458064516,1.35483871,3.570967742,4.338709677
8/1/1992,14.05806452,17.80322581,16.3516129,17.90967742,1.338709677,0.748387097,2.529032258,4.980645161
9/1/1992,9.506666667,13.92666667,11.02333333,14.66,1.603333333,1.606666667,1.926666667,3.28
10/1/1992,5.287096774,11.27741935,4.980645161,7.403225806,0.470967742,3.325806452,0.090322581,2.129032258
11/1/1992,-1.356666667,6.433333333,-4.723333333,2.793333333,1.293333333,5.61,1.313333333,3.573333333
12/1/1992,-9.88,2.166666667,-16.7047619,-1.926923077,0.63,4.325925926,1.180952381,1.288461538
1/1/1993,-7.835294118,-0.464285714,-14.67368421,-3.9,0.176470588,2.657142857,0.463157895,2.15862069
2/1/1993,-6.881481481,3.723076923,-14.39047619,-8.415384615,0.433333333,0.323076923,0,0.546153846
3/1/1993,0.304,7.323333333,-6.388461538,-1.633333333,0.692,3.84,0.234615385,0.837037037
4/1/1993,4.038888889,10.0137931,3.86,5.813043478,0.283333333,4.375862069,0.408,2.339130435
5/1/1993,11.21666667,14.62413793,11.65454545,11.87241379,1.670833333,3.310344828,1.563636364,1.637931034
6/1/1993,13.04090909,15.78928571,15.052,16.97857143,3.636363636,2.578571429,1.992,4.428571429
7/1/1993,13.31333333,16.33928571,17.70645161,21.57333333,2.766666667,1.196428571,6.238709677,2.753333333
8/1/1993,13.5037037,17.64333333,17.84444444,21.12666667,3.185185185,0.626666667,4.637037037,1.276666667
9/1/1993,10.75172414,14.76551724,10.22592593,14.925,0.813793103,0.072413793,0.488888889,2.44
10/1/1993,6.248148148,11.48333333,2.772413793,8.557142857,0.333333333,2.436666667,0.682758621,2.00952381
11/1/1993,-3.206896552,4.51,-5.456,3.119047619,0.35862069,2.103333333,0.8,0.733333333
12/1/1993,-1.796666667,4.365517241,-11.97307692,-1.365384615,0.12,5.286206897,0.392307692,1.046153846
1/1/1994,-9.377419355,6.325806452,-23.11935484,-12.36774194,0.341935484,3.629032258,0.451612903,1.967741935
2/1/1994,-13.475,3.721428571,-17.80357143,-8.339285714,0.342857143,3.864285714,0.185714286,0.721428571
3/1/1994,2.461290323,7.196774194,-2.364516129,-0.758064516,0.261290323,3.329032258,0.193548387,1.651612903
4/1/1994,5.79,10.89,3.92,7.343333333,0.42,2.166666667,0.713333333,3.2
5/1/1994,10.54516129,13.77741935,12.42258065,11.82258065,2.016129032,1.270967742,2.248387097,2.541935484
6/1/1994,13.3,14.99,17.91333333,19.07,2.28,2.35,2.666666667,1.813333333
7/1/1994,17.42903226,18.50322581,18.18064516,21.50967742,1.225806452,0.883870968,4.783870968,2.677419355
8/1/1994,16.17741935,18.48709677,16.55483871,18.70645161,2.722580645,0.580645161,3.970967742,1.938709677
9/1/1994,13.05,15.65333333,14.2,15.91666667,0.346666667,2.186666667,2.32,1.713333333
10/1/1994,4.551612903,10.19032258,8.058064516,9.958064516,1.012903226,3.64516129,2.825806452,0.883870968
11/1/1994,-3.296666667,4.98,-1.823333333,5.366666667,0.463333333,6.84,1.206666667,2.83
12/1/1994,-5.816129032,4.35483871,-10.68709677,-0.14516129,0.167741935,6.1,0.619354839,1.658064516
1/1/1995,-7.329032258,4.470967742,-16.11612903,-3.070967742,0.090322581,5.303225806,0.632258065,4.3
2/1/1995,-5.182142857,5.282142857,-16.16071429,-7.25,0.075,5.003571429,0.342857143,0.742857143
3/1/1995,-2.977419355,7.058064516,-5.148387097,1.932258065,0.235483871,3.577419355,0.919354839,1.638709677
4/1/1995,3.313333333,9.626666667,0.433333333,4.08,1.06,1.813333333,0.3,2.553333333
5/1/1995,9.306451613,14.16774194,10.56451613,13.3,2.319354839,0.877419355,1.625806452,2.806451613
6/1/1995,14.11,16.6,20.21666667,19.93,1.446666667,1.533333333,1.106666667,1.736666667
7/1/1995,15.57741935,18.52903226,19.6483871,21.89032258,4.303225806,1.4,0.941935484,1.787096774
8/1/1995,13.6483871,16.52580645,19.99677419,21.81612903,1.103225806,2.280645161,4.048387097,4.367741935
9/1/1995,11.93333333,16.6,12.41666667,13.96666667,0.93,0.506666667,1.146666667,0.916666667
10/1/1995,4.161290323,10.43548387,4.74516129,11.02580645,0.464516129,4.561290323,1.341935484,4.251612903
11/1/1995,-4.783333333,8.023333333,-10.58333333,0.953333333,0.756666667,8.39,1.486666667,4.053333333
12/1/1995,-11.03548387,4.648148148,-16.45483871,-5.14516129,0.738709677,7.681481481,0.616129032,1.15483871
1/1/1996,-15.7483871,2.883870968,-22.70645161,-6.683870968,0.896774194,5.174193548,0.729032258,2.341935484
2/1/1996,-5.64137931,4.262068966,-15.1,-5.786206897,0.103448276,3.820689655,1.268965517,1.317241379
3/1/1996,-6.019354839,6.741935484,-13.01290323,-2.825806452,1.141935484,2.261290323,1.103225806,1.167741935
4/1/1996,4.896666667,10.43,-1.623333333,4.393333333,0.616666667,5.743333333,1.786666667,3.386666667
5/1/1996,6.413333333,11.79666667,9.35483871,11.63548387,1.716666667,2.332258065,2.716129032,2.922580645
6/1/1996,13.38,15.18666667,18.54333333,18.58,1.973333333,0.453333333,2.793333333,3.933333333
7/1/1996,16.42258065,18.17096774,18.9483871,19.59032258,1.351612903,0.55483871,3.138709677,3.141935484
8/1/1996,16.8483871,18.14333333,19.27419355,20.72903226,0.677419355,1.083870968,2.758064516,1.55483871
9/1/1996,9.136666667,13.62666667,13.04666667,16.51666667,1.546666667,2.326666667,1.66,5.54
10/1/1996,4.180645161,9.648387097,5.325806452,9.190322581,0.75483871,7.987096774,0.883870968,2.44516129
11/1/1996,-9.69,4.95862069,-11.86,0.93,1,7.15,1.946666667,0.993333333
12/1/1996,-14.27419355,1.422580645,-18.35806452,-0.438709677,0.590322581,9.051612903,1.296774194,3.070967742
1/1/1997,-12.4516129,3.890322581,-19.95806452,-6.406451613,0.596774194,7.783870968,0.735483871,2.083870968
2/1/1997,-2.825,4.953571429,-13.85,-3.178571429,0.132142857,3.678571429,0.357142857,2.807142857
3/1/1997,-4.029032258,6.309677419,-10.45806452,-1.35483871,0.551612903,7.741935484,0.629032258,2.251612903
4/1/1997,2.2,9.11,-0.78,5.773333333,0.42,3.88,2.553333333,0.973333333
5/1/1997,9.277419355,13.95806452,8.077419355,9.587096774,3.248387097,2.380645161,1.806451613,2.109677419
6/1/1997,13.75333333,15.58666667,18.76333333,19.75333333,4.613333333,3.16,1.073333333,1.693333333
7/1/1997,16.02258065,17.65483871,19.53870968,20.92258065,0.54516129,2.890322581,2.677419355,0.967741935
8/1/1997,15.86333333,19.01935484,17.85483871,18.96129032,1.864516129,1.090322581,1.883870968,2.316129032
9/1/1997,13.13333333,15.93,14.18333333,15.48666667,1.26,3.45,1.206666667,1.6
10/1/1997,4.741935484,10.49032258,5.093548387,9.480645161,0.477419355,5.380645161,2.322580645,1.135483871
11/1/1997,-1.513333333,7.416666667,-5.69,2.45,0.02,4.16,0.516666667,1.833333333
12/1/1997,-2.55483871,4.841935484,-5.306451613,-0.909677419,0.203225806,4.322580645,0.132258065,0.974193548
1/1/1998,-13.6,4.451612903,-14.63870968,-2.15483871,0.503225806,5.377419355,1.032258065,3.135483871
2/1/1998,-2.914285714,7.092857143,-4.614285714,-0.292857143,0.142857143,2.785714286,1.792857143,1.635714286
3/1/1998,-4.603225806,7.912903226,-5.509677419,2.119354839,1.916129032,2.612903226,0.319354839,3.174193548
4/1/1998,6.356666667,9.61,7.886666667,8.6,1.373333333,0.643333333,1.286666667,1.906666667
5/1/1998,12.2483871,13.41612903,12.29677419,17.01612903,2.787096774,3.558064516,3.225806452,2.316129032
6/1/1998,12.54666667,16.53333333,15.63666667,18.92333333,3.68,0.993333333,1.983333333,2.683333333
7/1/1998,17.75483871,19.34516129,19.23225806,21.23548387,4.264516129,1.283870968,1.248387097,1.464516129
8/1/1998,17.81290323,19.11612903,20.65483871,21.68709677,0.580645161,0.264516129,3.070967742,0.864516129
9/1/1998,12.73,16.12,14.10666667,18.17666667,0.866666667,0.373333333,0.353333333,1.28
10/1/1998,6.996774194,10.81612903,6.648387097,10.79354839,0.367741935,3.580645161,1.909677419,0.774193548
11/1/1998,-2.553333333,7.893333333,-3.146666667,4.913333333,0.47,8.386666667,0.166666667,1.12
12/1/1998,-8.438709677,3.680645161,-12.76129032,0.738709677,0.612903226,8.180645161,0.625806452,2.032258065
1/1/1999,-7.94516129,5.04516129,-17.66774194,-6.187096774,0.364516129,7.183870968,0.558064516,3.451612903
2/1/1999,-1.525,5.521428571,-7.982142857,-1.575,0,7.696428571,0.510714286,0.978571429
3/1/1999,-0.803225806,6.374193548,-2.4,0.238709677,0.206451613,3.383870968,0.65483871,0.75483871
4/1/1999,4.77,8.693333333,6.79,8.11,2.426666667,1.793333333,1.7,1.63
5/1/1999,8.651612903,11.27419355,11.99032258,15.49354839,1.703225806,1.896774194,3.129032258,1.258064516
6/1/1999,11.88,14.45,16.07333333,20.36666667,3.18,2.77,2.806666667,2.206666667
7/1/1999,13.67096774,16.63225806,19.11290323,24.33870968,3.348387097,2.122580645,2.251612903,1.432258065
8/1/1999,15.8516129,18.26774194,18.15483871,20.28064516,2.877419355,1.070967742,1.967741935,1.903225806
9/1/1999,10.25666667,14.62333333,11.17666667,17.98666667,0.303333333,0.506666667,1.906666667,2.666666667
10/1/1999,5.651612903,9.593548387,4.319354839,9.367741935,0.116129032,4.570967742,0.858064516,1.993548387
11/1/1999,1.336666667,7.773333333,1.338333333,5.75,0.413333333,6.366666667,0.198333333,2.606666667
12/1/1999,-0.629032258,4.870967742,-7.990322581,-0.687096774,0.058064516,6.732258065,0.853225806,0.85483871
1/1/2000,-9.706451613,3.512903226,-16.29354839,-5.835483871,0.329032258,4.883870968,0.564516129,0.941935484
2/1/2000,-6.74137931,5.055172414,-8.055172414,-3.127586207,0.710344828,2.4,0.962068966,1.668965517
3/1/2000,-0.419354839,6.996774194,0.356451613,4.496774194,0.822580645,3.522580645,0.775806452,0.606451613
4/1/2000,4.076666667,9.743333333,4.623333333,6.693333333,0.566666667,1.45,0.161666667,2.643333333
5/1/2000,8.816129032,11.67096774,11.84032258,14.26129032,0.929032258,3.322580645,1.840322581,4.012903226
6/1/2000,12.47666667,15.55,15.08333333,18.22,3.66,1.9,5.986666667,5.64
7/1/2000,16.72903226,17.45483871,20.17258065,20.10322581,2.15483871,2.790322581,4.167741935,1.090322581
8/1/2000,15.58709677,17.1,19.59032258,20.61290323,2.061290323,0.193548387,2.614516129,1.225806452
9/1/2000,10.74,14.98666667,12.37,15.85666667,1.786666667,1.6,2.053333333,2.333333333
10/1/2000,5.351612903,10.38387097,7.133870968,11.17741935,0.058064516,4.038709677,0.703225806,0.567741935
11/1/2000,-3.343333333,5.47,-4.498333333,3.6,0.193333333,2.466666667,2.831666667,1.853333333
12/1/2000,-9.9,3.493548387,-20.82419355,-7.170967742,0.283870968,4.432258065,0.930645161,2.303225806
1/1/2001,-1.538709677,5.090322581,-11.76129032,-4.093548387,0.064516129,4.203225806,0.224193548,1.006451613
2/1/2001,-10.52857143,3.828571429,-17.31428571,-2.985714286,0.275,1.392857143,0.298214286,3.357142857
3/1/2001,-0.1,6.65483871,-5.316129032,-0.277419355,0.396774194,3.877419355,0.956451613,1.012903226
4/1/2001,3.966666667,8.786666667,5.481666667,8.253333333,0.64,3.59,0.803333333,1.213333333
5/1/2001,11.23548387,12.26129032,13.16935484,14.79677419,0.983870968,1.535483871,3.698387097,2.974193548
6/1/2001,12.23,14.74333333,16.93833333,19.66333333,4.046666667,2.013333333,3.098333333,2.06
7/1/2001,16.80967742,17.2483871,21.15322581,20.95483871,1.896774194,1.267741935,4.782258065,1.096774194
8/1/2001,17.97419355,17.46451613,20.25806452,23.16129032,0.458064516,2.851612903,1.970967742,1.116129032
9/1/2001,13.19333333,14.75,14.41333333,16.73666667,0.433333333,1.453333333,0.64,1.68
10/1/2001,4.006451613,10.01612903,5.070967742,10.56451613,0.577419355,4.712903226,0.479032258,3.509677419
11/1/2001,-0.173333333,7.756666667,1.518333333,7.14,0.553333333,4.73,0.385,2.5
12/1/2001,-8.2,4.029032258,-9.480645161,1.709677419,0.15483871,6.903225806,0.661290323,1.309677419
1/1/2002,-6.512903226,4.248387097,-13.61612903,-0.458064516,0.367741935,5.209677419,0.493548387,1.490322581
2/1/2002,-3.225,4.771428571,-9.189285714,-1.292857143,0.335714286,3.689285714,0.175,1.371428571
3/1/2002,-12.24516129,4.338709677,-10.88548387,0.4,0.535483871,2.164516129,0.569354839,1.977419355
4/1/2002,1.133333333,8.727586207,2.358333333,7.293333333,0.683333333,2.743333333,1.075,3.44
5/1/2002,6.593548387,11.66451613,8.662903226,10.91290323,1.096774194,1.661290323,1.587096774,2.603225806
6/1/2002,14.43666667,16.45666667,18.62833333,19.12666667,1.953333333,1.026666667,2.9,1.986666667
7/1/2002,18.25806452,17.94516129,21.78225806,24.20645161,1.116129032,0.490322581,2.587096774,1.903225806
8/1/2002,14.18387097,17.92903226,18.98870968,22.59677419,1.851612903,0.187096774,2.979032258,0.374193548
9/1/2002,10.14666667,15.04,14.46833333,20.19333333,1.94,1.153333333,1.378333333,1.973333333
10/1/2002,1.938709677,9.703225806,0.293548387,8.896774194,0.761290323,0.590322581,0.551612903,1.387096774
11/1/2002,2.673333333,7.676666667,-4.875,3.166666667,0.333333333,4.923333333,0.768333333,2.24
12/1/2002,-2.893548387,5.34516129,-8.046774194,-1.980645161,0.329032258,4.5,0.619354839,1.048387097
1/1/2003,-6.303225806,6.374193548,-14.77096774,-8.274193548,0.180645161,4.85483871,0.380645161,1.141935484
2/1/2003,-7.189285714,4.582142857,-18.18571429,-6.964285714,0.775,0.967857143,0.442857143,1.671428571
3/1/2003,-4.761290323,7.325806452,-7.391935484,-0.74516129,0.509677419,4.312903226,0.553225806,1.612903226
4/1/2003,3.54,9.266666667,5.881666667,5.663333333,2.726666667,4.66,1.181666667,2.026666667
5/1/2003,8.280645161,12.6,13.40322581,12.26129032,1.112903226,1.590322581,2.443548387,4.929032258
6/1/2003,13.66666667,16.75666667,17.52,18.31666667,3.493333333,0.426666667,1.678333333,2.126666667
7/1/2003,17.48064516,19.12903226,20.31451613,21.80967742,1.361290323,0.638709677,1.60483871,2.135483871
8/1/2003,18.01612903,18.58387097,22.20967742,22.06451613,1.267741935,0.132258065,2.541935484,1.722580645
9/1/2003,11.19,15.82666667,13.26833333,16.97,1.32,1.34,1.261666667,3.806666667
10/1/2003,7.487096774,11.61612903,7.209677419,9.096774194,0.993548387,8.006451613,0.585483871,1.593548387
11/1/2003,-5.84,4.55,-6.711666667,4.716666667,0.44,5.58,0.43,4.706666667
12/1/2003,-4.867741935,4.393548387,-8.788709677,-0.112903226,0.022580645,3.651612903,1.032258065,1.987096774
1/1/2004,-10.45483871,4.077419355,-20.6,-9.390322581,0.54516129,5.206451613,1.491935484,1.6
2/1/2004,-3.082758621,5.9,-10.78103448,-3.782758621,0.075862069,2.875862069,0.274137931,0.717241379
3/1/2004,2.012903226,8.070967742,-5.058064516,2.280645161,0.351612903,3.264516129,1.970967742,2.04516129
4/1/2004,6.066666667,11.14333333,3.936666667,6.95,0.6,0.5,0.728333333,2.14
5/1/2004,8.135483871,14.14193548,8,13.1516129,1.793548387,1.961290323,4.574193548,3.187096774
6/1/2004,13.14,17.30333333,14.825,17.58,3.273333333,0.76,1.4,2.093333333
7/1/2004,16.9516129,19.7483871,19.03548387,20.67096774,1.748387097,0.535483871,1.967741935,3.864516129
8/1/2004,15.53870968,19.33225806,15.10645161,19.50967742,1.890322581,2.419354839,3.524193548,1.935483871
9/1/2004,9.85,14.46666667,15.125,18.37333333,1.013333333,5.646666667,2.473333333,0.84
10/1/2004,4.006451613,10.82580645,6.480645161,10.7483871,0.777419355,3.780645161,2.006451613,1.135483871
11/1/2004,1.606666667,6.83,-0.195,5.363333333,0.113333333,6.653333333,0.428333333,2.16
12/1/2004,-4.680645161,5.348387097,-13.89032258,-2.75483871,0.461290323,6.070967742,1.546774194,2.916129032
1/1/2005,-8.912903226,3.712903226,-18.76451613,-6.838709677,0.329032258,8.051612903,1.146774194,2.270967742
2/1/2005,-3.067857143,4.303571429,-12.42678571,-4.014285714,0.378571429,1.635714286,0.319642857,2.7
3/1/2005,0.248387097,8.361290323,-6.901612903,-1.632258065,0.470967742,4.283870968,0.608064516,1.058064516
4/1/2005,5.833333333,10.12333333,7.788333333,7.773333333,0.28,3.006666667,1.026666667,3.253333333
5/1/2005,10.68709677,14.33548387,10.60967742,11.91612903,0.606451613,2.212903226,2.25,0.464516129
6/1/2005,12.42333333,15.6,18.02666667,22.58,8.253333333,1.653333333,5.106666667,1.06
7/1/2005,16.36774194,18.11935484,20.78709677,24.08709677,0.638709677,1.406451613,5.119354839,0.658064516
8/1/2005,13.76129032,18.96774194,18.65,22.53225806,3.167741935,0.922580645,1.411290323,4.374193548
9/1/2005,9.43,14.67333333,15.12833333,18.98333333,2.866666667,1.786666667,1.526666667,2.653333333
10/1/2005,5.9,11.29354839,7.459677419,11.14193548,0.348387097,5.012903226,0.946774194,1.529032258
11/1/2005,0.403333333,5.646666667,-2.278333333,5.053333333,0.406666667,4.553333333,1.493333333,3.406666667
12/1/2005,-4.358064516,4.603225806,-8.579032258,-3.461290323,0.077419355,5.187096774,0.953225806,1.9
1/1/2006,-1.538709677,6.303225806,-6.819354839,0.2,0.2,9.148387097,0.666129032,2.406451613
2/1/2006,-5.585714286,4.278571429,-14.78035714,-3.582142857,0.707142857,2.035714286,0.116071429,2.671428571
3/1/2006,-4.403225806,6.54516129,-5.077419355,1.335483871,0.232258065,2.980645161,1.088709677,1.574193548
4/1/2006,6.79,9.296666667,9.713333333,8.223333333,0.98,2.333333333,0.535,2.08
5/1/2006,11.21612903,13.03548387,12.62741935,14.42258065,1.193548387,1.380645161,1.264516129,2.64516129
6/1/2006,14.72333333,16.66666667,19.07166667,19.80333333,4.093333333,1.813333333,1.01,1.513333333
7/1/2006,18.37419355,18.68064516,22.47096774,23.39677419,1.658064516,0.812903226,0.308064516,3.393548387
8/1/2006,15.80322581,17.56129032,20.30967742,21.14193548,1.070967742,0.15483871,1.961290323,1.296774194
9/1/2006,12.37333333,15.26,14.035,15.73333333,2.066666667,1.313333333,1.515,2.586666667
10/1/2006,3.503225806,10.03870968,4.238709677,8.735483871,0.780645161,1.864516129,0.476666667,3.890322581
11/1/2006,-6.336666667,5.743333333,-3.981666667,5.26,0.72,11.69333333,0.593333333,2.39
12/1/2006,-1.932258065,4.474193548,-8.553225806,1.85483871,0.15483871,4.709677419,0.893548387,2.012903226
1/1/2007,-3.880645161,3.009677419,-14.80806452,-2.874193548,0.24516129,5.851612903,0.324193548,1.24516129
2/1/2007,-8.285714286,5.853571429,-17.63928571,-8.432142857,0.892857143,4.142857143,0.691071429,0.878571429
3/1/2007,1.590322581,7.364516129,-4.343548387,0.364516129,0.638709677,6.929032258,1.974193548,1.077419355
4/1/2007,2.85,8.93,4.738333333,6.12,1.546666667,2.54,0.558333333,2.026666667
5/1/2007,9.987096774,12.77096774,12.42419355,14.32258065,2.961290323,1.193548387,2.146774194,2.374193548
6/1/2007,14.11666667,15.15,18.07166667,20.75666667,5.526666667,2.666666667,3.943333333,1.44
7/1/2007,19.35806452,18.8483871,22.04032258,21.31935484,0.812903226,1.709677419,2.114516129,1.529032258
8/1/2007,14.12580645,17.81935484,18.33225806,22.38064516,1.75483871,0.270967742,1.027419355,0.670967742
9/1/2007,10.15666667,14.19666667,13.71166667,18.35333333,1.473333333,2.453333333,1.26,0.953333333
10/1/2007,6.525806452,9.596774194,7.267741935,14.19677419,0.496774194,5.006451613,1.598387097,1.329032258
11/1/2007,-1.58,5.88,-3.533333333,2.583333333,0.313333333,3.873333333,0.37,2.926666667
12/1/2007,-7.977419355,3.229032258,-14.16290323,-2.34516129,0.206451613,6.793548387,0.779032258,2.990322581
1/1/2008,-8.464516129,2.816129032,-16.0483871,-2.112903226,0.283870968,4.438709677,0.190322581,1.877419355
2/1/2008,-5.155172414,5.5,-17.11034483,-5.265517241,0.406896552,2.365517241,0.463793103,3.710344828
3/1/2008,-0.048387097,5.896774194,-7.729032258,-1.683870968,0.283870968,2.425806452,1.133870968,1.987096774
4/1/2008,1.48,7.56,3.75,9.536666667,1.193333333,2.073333333,0.573333333,1.82
5/1/2008,10.6516129,12.76451613,9.206451613,11.83870968,3.296774194,1.393548387,1.4,2.219354839
6/1/2008,13.32666667,14.40666667,16.51,19.62666667,3.776666667,1.433333333,4.39,3.68
7/1/2008,16.4516129,17.78387097,19.5016129,21.5483871,2.487096774,0.509677419,1.580645161,6.232258065
8/1/2008,16.59354839,17.78387097,20.83225806,19.65483871,1.729032258,2.44516129,3.625806452,2.987096774
9/1/2008,11.31666667,14.55666667,14.26666667,16.92333333,0.926666667,1.02,2.086666667,2.78
10/1/2008,6.664516129,10.00967742,7.732258065,9.012903226,0.270967742,3.212903226,1.733333333,1.277419355
11/1/2008,2.173333333,8.116666667,-2.556666667,2.946666667,0.64,5.9,1.983333333,2.66
12/1/2008,-10.93870968,0.916129032,-18,-3.116129032,1.15483871,6.361290323,0.725806452,3.219354839
1/1/2009,-6.190322581,2.14516129,-17.73548387,-8.780645161,0.238709677,4.174193548,0.590322581,1.432258065
2/1/2009,-7.139285714,4.025,-12.875,-3.657142857,0.435714286,2.028571429,0.985714286,2.628571429
3/1/2009,-4.44516129,4.903225806,-6.703225806,0.780645161,1.322580645,3.374193548,1.406451613,2.219354839
4/1/2009,3.356666667,9.12,4.516666667,7.846666667,0.38,2.586666667,0.94,4.453333333
5/1/2009,9.725806452,12.65483871,9.606451613,13.1,0.458064516,2.316129032,2.519354839,1.961290323
6/1/2009,13.31,17.38,17.07333333,17.49666667,1.42,0.36,2.76,2.34
7/1/2009,16.9516129,19.58387097,18.37096774,19.20967742,2.277419355,0.64516129,3.890322581,2.735483871
8/1/2009,15.94516129,18.07096774,18.83548387,20.61935484,2.006451613,0.858064516,1.677419355,4.64516129
9/1/2009,14.99,15.7,18.99666667,16.85666667,0.073333333,2.186666667,0.511111111,1.34
10/1/2009,1.525806452,10.04516129,4.496774194,8.716129032,0.993548387,5.419354839,1.229032258,2.290322581
11/1/2009,1.89,7.13,2.683333333,5.96,0.18,9.4,0.056666667,1.073333333
12/1/2009,-12.5,2.141935484,-13.46774194,-2.364516129,0.903225806,2.496774194,0.532258065,2.593548387
1/1/2010,-5.94516129,7.219354839,-12.40967742,-5.225806452,0.322580645,5.896774194,1.329032258,0.787096774
2/1/2010,-4.610714286,7.132142857,-11.52142857,-3.367857143,0.235714286,3.65,0.446428571,0.885714286
3/1/2010,3.087096774,7.748387097,0.696774194,4.361290323,0.041935484,3.490322581,0.332258065,2.019354839
4/1/2010,4.87,9.56,10.00666667,10.49666667,1.733333333,2.933333333,1.273333333,1.206666667
5/1/2010,7.370967742,12.02258065,13.47419355,15.99354839,2.058064516,1.748387097,5.274193548,1.64516129
6/1/2010,13.22,14.97666667,17.77,19.23333333,2.126666667,1.613333333,2.373333333,6.386666667
7/1/2010,16.19677419,18.09677419,21.90322581,23.26129032,2.129032258,0.019354839,2.496774194,2.890322581
8/1/2010,15.22258065,18.22903226,20.56451613,22.40967742,2.793548387,2.24516129,4.35483871,1.890322581
9/1/2010,9.29,15.33333333,12.93793103,16.44666667,2.08,5.546666667,3.133333333,2.94
10/1/2010,7.783870968,11.33870968,9.841935484,10.20645161,0.361290323,2.458064516,3.129411765,1.84516129
11/1/2010,-4.716666667,5.106666667,-2.236666667,4.49,0.7,4.766666667,0,2.206666667
12/1/2010,-8.180645161,4.922580645,-13.02258065,-3.812903226,0.316129032,5.4,0,1.187096774
1/1/2011,-8.874193548,4.209677419,-17.21290323,-7.009677419,0.535483871,6.009677419,0,1.35483871
2/1/2011,-9.532142857,3.442857143,-12.375,-5.364285714,0.614285714,3.192857143,0.435714286,1.678571429
3/1/2011,-6.196774194,6.858064516,-8.472,-0.477419355,0.648387097,4.903225806,0.069565217,2.948387097
4/1/2011,1.72,7.33,5.536666667,6.923333333,1.88,3.186666667,1.966666667,3.22
5/1/2011,9.461290323,11.19354839,11.97741935,14.09354839,2.825806452,3.025806452,1.593548387,4.580645161
6/1/2011,13.3,15.26333333,18.31,19.10666667,2.626666667,1.366666667,1.38,1.966666667
7/1/2011,16.57419355,17.22258065,23.03870968,24.39677419,3.477419355,1.212903226,0.593333333,1.04516129
8/1/2011,16.21935484,18.23225806,21.87586207,21.94193548,2.677419355,0.632258065,0.579310345,2.329032258
9/1/2011,14.25666667,16.40333333,15.36333333,17.71,0.353333333,2.32,2.25,2.833333333
10/1/2011,6.235483871,9.903225806,9.712903226,10.48387097,0.451612903,2.374193548,1,3.84516129
11/1/2011,-2.003333333,5.146666667,-0.923333333,6.603333333,0.36,4.113333333,0.783333333,3.266666667
12/1/2011,-1.570967742,3.793548387,-6.916129032,0.774193548,0.496774194,2.793548387,0.151612903,1.677419355
1/1/2012,-5.516129032,3.577419355,-9.480645161,-1.712903226,0.2,4.374193548,0.467741935,1.748387097
2/1/2012,-4.565517241,4.827586207,-8.096551724,-0.334482759,0.548275862,4.606896552,0.389655172,0.917241379
3/1/2012,0.693548387,5.55483871,3.170967742,6.735483871,0.567741935,3.6,1.722580645,0.580645161
4/1/2012,5.156666667,9.573333333,6.843333333,7.276666667,1.9,3.106666667,1.096666667,1.453333333
5/1/2012,9.606451613,12.21935484,13.13870968,16.58064516,2.329032258,1.374193548,3.793548387,1.432258065
6/1/2012,13.69,14.33666667,18.90689655,20.61333333,4.893333333,2.56,2.603333333,2.546666667
7/1/2012,18.42580645,17.69354839,24.06666667,24.30322581,2.483870968,0.896774194,1.048275862,3.225806452
8/1/2012,17.4,18.99677419,20.57741935,21.5516129,1.064516129,0.093548387,1.526666667,1.690322581
9/1/2012,14.26153846,15.38,14.13333333,16.35333333,0.161538462,0.166666667,0.263333333,4.033333333
10/1/2012,2.365384615,10.49032258,4.670967742,10.21290323,1.892307692,6.35483871,2.532258065,4.077419355
11/1/2012,-2.372727273,7.206666667,-4.643333333,3.533333333,0.295238095,5.426666667,1.39,0.34
12/1/2012,-9.764285714,4.396774194,-13.66666667,0.790322581,0.421428571,7.174193548,0.546666667,1.883870968
1/1/2013,-4.895238095,2.812903226,-15.16129032,-2.14516129,0.242857143,3.238709677,1.009677419,2.141935484
2/1/2013,-1.457142857,5.414285714,-12.20714286,-4.553571429,0.242857143,2.657142857,0.760714286,3.285714286
3/1/2013,-5.435,7.216129032,-8.026666667,0.103225806,0.86,3.483870968,1.34,0.696774194
4/1/2013,2.035294118,9.506666667,-0.044827586,6.046666667,0.529411765,3.86,1.437931034,3.68
5/1/2013,12.07777778,13.30967742,12.20333333,15.22580645,3.881481481,2.129032258,2.51,2.458064516
6/1/2013,14.04285714,16.35714286,18.71666667,18.89333333,5.235714286,1.651851852,2.116666667,3.353333333
7/1/2013,16.52666667,18.30322581,20.71666667,22.26785714,1.566666667,0,2.320689655,6.492857143
8/1/2013,17.46333333,18.51724138,20.70967742,20.88387097,0.88,1.965517241,1.413333333,2.232258065
9/1/2013,14.18666667,15.62758621,16.46896552,16.10689655,1.866666667,4.503448276,1.162068966,2.379310345
10/1/2013,5.564285714,9.24137931,6.551724138,10.82413793,0.832142857,1.289655172,0.389655172,2.059259259
11/1/2013,-3.32,6.146666667,-4.39,2.06,0.41,4.106666667,0.653333333,1.206666667
12/1/2013,-9.513333333,2.186666667,-18.92903226,-4.190322581,1.233333333,2.333333333,0.943333333,2.122580645
1/1/2014,-3.090322581,4.34516129,-17.77741935,-8.641935484,0.490322581,4.587096774,1.090322581,1.503225806
2/1/2014,-12.16785714,2.539285714,-17.48571429,-8.325,0.15,5.064285714,0.651851852,1.942857143
3/1/2014,-6.703225806,6.890322581,-10.34516129,-4.277419355,0.564516129,5.161290323,0.680645161,0.870967742
4/1/2014,4.226666667,9.976666667,1.28,6.103333333,0.77,2.733333333,1.526666667,3.053333333
5/1/2014,9.277419355,14.2,12.52258065,14.12258065,2.076666667,2.38,1.3,1.812903226
6/1/2014,13.08,15.71333333,17.87931034,19.8,2.85862069,1.226666667,5.872413793,3.233333333
7/1/2014,18.66451613,18.95806452,20.11935484,20.16129032,0.85,0.565517241,1.220689655,2.774193548
8/1/2014,16.68709677,19.17741935,20.29354839,20.35483871,1.686666667,0.572413793,5.16,1.251612903
9/1/2014,11.78333333,15.94,14.15333333,16.68,1.82,2.04,1.496666667,3.426666667
10/1/2014,8.306451613,13.05483871,7.890322581,10.80645161,0.217241379,5.929032258,0.229032258,1.793548387
11/1/2014,-5.176666667,5.823333333,-7.39,1.93,1.44,6.234482759,0.623333333,1.453333333
12/1/2014,-3.390322581,4.929032258,-8.816129032,0.022580645,0.15483871,5.406451613,0.256666667,1.103225806
1/1/2015,-2.974193548,5.629032258,-12.36451613,-7.561290323,1.058064516,5.032258065,0.573333333,1.082758621
2/1/2015,-4.628571429,7.414285714,-17.68214286,-12.6,0.285714286,4.05,0.348148148,1.155555556
3/1/2015,2.958064516,8.44516129,-1.690322581,-1.85483871,0.219354839,5.129032258,0.777419355,0.476666667
4/1/2015,6.17,9.203333333,6.663333333,7.543333333,0.373333333,1.772413793,1.023333333,2.626666667
5/1/2015,10.07741935,14.67096774,12.12580645,16.21935484,1.168965517,0.14,2.803448276,2.025806452
6/1/2015,15.87333333,17.89310345,19.00714286,17.95,1.936666667,0.379310345,3.218518519,5.34
7/1/2015,18.26774194,19.3483871,21.90967742,21.55806452,1.816129032,0.670967742,3.522580645,0.787096774
8/1/2015,16.92903226,18.41935484,20.04193548,20.71612903,4.161290323,2.26,4.1,2.2
9/1/2015,10.65666667,14.05,16.92666667,19.69333333,2.233333333,1.393333333,2.44,2.066666667
10/1/2015,8.003225806,11.78387097,8.470967742,9.941935484,0.186666667,3.638709677,1.374193548,2.180645161
11/1/2015,-0.97,5,0.236666667,6.5,0.44,5.693333333,0.713333333,1.18
12/1/2015,-5.835483871,5.167741935,-6.561290323,4.138709677,0.631034483,7.503225806,0.932258065,1.470967742
1/1/2016,-5.35483871,4.670967742,-13.11923077,-3.625806452,0.390322581,5.606666667,0.265384615,1.238709677
2/1/2016,1.431034483,7.078571429,-9.662068966,-2.289655172,0.075862069,4.657142857,0.54137931,1.688888889
3/1/2016,3.312903226,8.34516129,-0.780645161,2.641935484,0.148387097,5.212903226,1.061290323,2.580645161
4/1/2016,8.8,11.78,3.52,4.84,0.133333333,0.806666667,1.843333333,1.993333333
5/1/2016,10.51612903,14.27741935,15.26,14.59354839,2.203225806,1.72,2.57,1.103225806
6/1/2016,16.28965517,16.14666667,18.50689655,19.98333333,2.053333333,2.006896552,3.35,0.88
7/1/2016,16.88387097,18.32666667,20.88709677,23.70645161,6.648387097,1.093333333,1.758064516,1.283870968
8/1/2016,16.20322581,18.40967742,20.37096774,24.30322581,2.78,0.44516129,2.277419355,2.15483871
9/1/2016,11.14666667,14.20333333,15.12666667,19.45,0.843333333,2.613333333,0.868965517,2.213333333
10/1/2016,3.261290323,11.01,7.293548387,11.86774194,0.92,6.561290323,2.05483871,1.309677419
11/1/2016,2.616666667,9.263333333,3.920689655,6.74,0.09,8.006666667,1.903448276,1.84
12/1/2016,-10.31666667,0.880645161,-11.91935484,-1.612903226,0.746666667,5.103225806,2.064516129,2.496774194
1/1/2017,-6.77,1.903225806,-11.48709677,-1.641935484,0.338709677,3.187096774,0.887096774,2.251612903
2/1/2017,-7.081481481,2.985714286,-8.225,-0.228571429,1.1,4.6,0.882142857,2.064285714
3/1/2017,-2.412903226,6.777419355,-4.761290323,-0.516129032,0.522580645,6.64516129,1.041935484,2.253333333
4/1/2017,4.8,9.520689655,6.114285714,9.416666667,2.243333333,4.620689655,1.213043478,3.693333333
5/1/2017,12.69310345,12.81290323,12.58064516,12.58064516,1.229032258,3.296774194,0.916129032,4.6
6/1/2017,15.75,15.61666667,18.36,19.38333333,1.383333333,1.546666667,2.256666667,3.24
7/1/2017,19.35172414,18.30322581,21.38333333,21.75806452,1.790322581,0.058064516,2.413333333,1.212903226
8/1/2017,17.51333333,18.83225806,19.59354839,20.0516129,0.993548387,0.161290323,0.787096774,2.412903226
9/1/2017,12.62857143,15.99,15.03666667,18.74666667,0.676666667,0.98,1.893333333,0.993333333
10/1/2017,5.567857143,9.776666667,7.870967742,13.29354839,0.466666667,3.81,0.738709677,1.864516129
11/1/2017,-3.439285714,6.982142857,-5.25,3.717241379,0.851724138,6.793103448,0.48,1.993333333
12/1/2017,-7.403448276,2.55483871,-12.49655172,-5.177419355,0.996774194,5.503225806,0.248275862,1.303225806
1/1/2018,-6.236666667,5.351612903,-13.51290323,-5.622580645,0.274193548,8.04516129,0.206451613,1.993548387
2/1/2018,-11.64444444,3.353571429,-14.68928571,-1.821428571,1.35,3.778571429,0.128571429,2.335714286
3/1/2018,-5.141935484,6.048387097,-3.55,0.129032258,1.138709677,3.606451613,0.773333333,1.051612903
4/1/2018,1.586666667,9.243333333,1.393333333,3.426666667,0.99,4.493333333,0.063333333,5.02
5/1/2018,14.33448276,14.84516129,16.05806452,16.97096774,1.048387097,0.051612903,2.387096774,2.109677419
6/1/2018,15.22142857,15.93666667,20.57666667,19.52333333,2.256666667,1.293333333,2.513333333,1.666666667
7/1/2018,17.8,19.11612903,21.90322581,23.41290323,1.16,0.18,1.490322581,2.133333333
8/1/2018,17.08064516,18.49666667,20.53548387,23.2,1.603225806,0.522580645,1.080645161,3.812903226
9/1/2018,7.286666667,14.55,11.88928571,19.20689655,1.24,3.7,2.953571429,1.666666667
10/1/2018,4.093333333,9.832258065,3.9,8.929032258,1.55483871,3.548387097,1.25,2.251612903
11/1/2018,-0.227586207,7.566666667,-7.286206897,1.53,1.006666667,6.793333333,0.348275862,3.506666667
12/1/2018,-2.86,4.877419355,-9.622580645,-0.180645161,0.425806452,8.219354839,0.377419355,1.677419355
1/1/2019,-3.196774194,4.990322581,-16.38387097,-6.661290323,0.287096774,4.541935484,0.496774194,2.180645161
2/1/2019,-18.21071429,0.403571429,-17.95357143,-4.203571429,1.025,2.678571429,0.546428571,2.714285714
3/1/2019,-2.516129032,5.961290323,-5.767741935,-1.158064516,0.232258065,1.006451613,0.058064516,2.058064516
4/1/2019,5.286206897,9.526666667,5.09,6.44,0.627586207,3.693333333,0.82,3.113333333
5/1/2019,9.058064516,14.15483871,11.02580645,11.96666667,1.467741935,0.980645161,1.193548387,3.148387097
6/1/2019,14.02692308,16.41851852,19,18.19333333,4.473333333,0.873333333,0.886666667,3.62
7/1/2019,16.45333333,18.45483871,21.81935484,23.38387097,2.693548387,0.993548387,3.609677419,3.361290323
8/1/2019,16.22580645,18.6516129,19.80333333,21.29333333,1.919354839,0.832258065,2.116666667,1.393548387
9/1/2019,11.24666667,15.55666667,14.20689655,17.56666667,2.256666667,4.073333333,5.126666667,1.546666667
10/1/2019,2.636666667,8.667741935,4.109677419,10.53548387,0.47,3.95483871,2.24516129,4.393548387
11/1/2019,-1.866666667,5.856666667,-4.524137931,0.89,1.423333333,2.856666667,0.536666667,1.36
12/1/2019,-4.761290323,5.380645161,-10.82903226,-0.787096774,0.503225806,5.296774194,0.203225806,1.7
